upc,descrip,price,q,sales,volsales,unit
294,BEER LIMIT,.26994327,9284.912570953369,2463.669953107834,3296144.015625,Oz
307,HEINEKEN KINGSIZE CA,.45596623,107.880802154541,49.19000005722046,38297.68310546875,Oz
710,BUDWEISER BEER,.50495952,215.9281940460205,107.9099979400635,76654.51171875,Oz
711,BUDWEISER DRY BEER,.49974945,167.9441528320313,81.93000030517578,59620.17578125,Oz
712,BUDWEISER LIGHT BEER,.45806894,23.99202156066895,10.98999977111816,8517.16796875,Oz
720,COORS BEER,.46848905,95.96808624267578,44.95999813079834,34068.671875,Oz
721,COORS EXTRA GOLD BEE,.54143,23.99202156066895,12.98999977111816,8517.16796875,Oz
723,KEYSTONE REGULAR BEE,.37470788,23.99202156066895,8.989999771118164,8517.16796875,Oz
731,MILLER HIGH LIFE PAR,.43314397,29.99002838134766,12.98999977111816,10646.4599609375,Oz
732,MILLER LITE BEER,.45806894,23.99202156066895,10.98999977111816,8517.16796875,Oz
735,MILWAUKEE'S BEST BEE,.32781729,95.96808624267578,31.45999908447266,34068.671875,Oz
740,OLD MILWAUKEE BEER,.39554814,23.99202156066895,9.489999771118164,8517.16796875,Oz
750,OLD STYLE BEER,.46185806,263.9122371673584,121.8899965286255,93688.84765625,Oz
757,OLD STYLE 30PK CANS,.36994347,2189.272102355957,749.6700077056885,777191.58203125,Oz
772,STROHS LIGHT BEER,.38312736,59.98005676269531,22.98000144958496,21292.919921875,Oz
245006405,TOSELLI NON-ALCOHOLI,2.8352666,31.69014024734497,89.84999799728394,11250,ML
272500010,MURPHYS IRSH DRAUGHT,1.4134876,12.67078649997711,17.90999901294708,4498.129302978516,Oz
272500017,MURPHYS IRSH AMBER (,1.0820264,11.99601078033447,12.97999954223633,4258.583984375,Oz
943922532,FULLERS EXTRA BEST S,1.2810328,1421.527282714844,1814.129945755005,504642.2021484375,Oz
948700005,AMSTEL LIGHT BIER,1.1059232,1632.05731523037,1804.930013895035,579380.3505859375,Oz
1035700155,O.B. KOREAN IMPORTED,.83194321,1259.581150054932,1047.899984359741,447151.3193359375,Oz
1497450009,WOODCHUCK DRAFT CIDE,1.1653874,5038.324581623077,5871.599836349487,1788605.2734375,Oz
1497460009,WOODCHUCK DARK & DRY,.99866527,173.942156791687,173.7099933624268,61749.4677734375,Oz
1604110011,GRANTS SCOTTISH ALE,1.3916531,47.98404312133789,66.91999816894531,17034.3359375,Oz
1820000008,BUDWEISER BEER N.R.B,.67839032,124857.1485059261,84417.7005944252,44324287.79266357,Oz
1820000016,BUDWEISER BEER,.63250071,911570.8895282745,571693.8296899796,323607668.4609375,Oz
1820000018,BUDWEISER BEER,.61563581,31669.46856307983,19358.99934196472,11242661.42578125,Oz
1820000019,MICHELOB REGULAR BEE,.69069856,2621.128381729126,1797.629935264587,930500.6005859375,Oz
1820000031,BUSCH LIGHT BEER,.48182681,5.998005390167236,2.889999866485596,2129.2919921875,Oz
1820000051,BUSCH BEER,.4599894,256660.6549639702,114899.2569482327,91114533.87792969,Oz
1820000106,BUDWEISER LIGHT BEER,.63219714,280658.674428463,176377.1761875153,99633831.09277344,Oz
1820000117,BUDWEISER LIGHT BEER,.66941786,9103.639530897141,6130.270100712776,3231792.00970459,Oz
1820000126,BUDWEISER BEER N.R.B,.57753026,4828.394235134125,2817.99004638195,1714079.98046875,Oz
1820000157,O'DOUL'S NON-ALCH CA,.6495204,79455.57882595062,50666.17779803276,28206731.06835938,Oz
1820000182,MICHELOB DRY CANS,.68189329,1055.648957252502,717.1399707794189,374755.390625,Oz
1820000188,BUSCH LIGHT BEER,.45802721,90893.77519702911,40745.53870749474,32267290.88574219,Oz
1820000202,BUDWEISER DRY BEER,.61795163,34452.54326963425,21233.19931769371,12230653.20410156,Oz
1820000489,"BUDWEISER ""ICE"" DRAF",.66428822,8163.285426616669,5421.929703712463,2897966.40234375,Oz
1820000610,ELEPHANT RED ALE,1.0820264,65.9780592918396,71.3899974822998,23422.2119140625,Oz
1820000613,RED WOLF LAGER LNNR,.62146777,82232.65566825867,49958.87039470673,29192593.24414063,Oz
1820000617,RED WOLF LAGER LNNR,.63399255,107718.1819972992,66944.63747215271,38239955.02050781,Oz
1820000618,ELK MOUNTAIN RED LAG,.92453551,1277.575153827667,1178.369956016541,453539.1943359375,Oz
1820000622,ELK MOUNTAIN AMBER A,.88064361,347.8843140602112,301.2199907302856,123498.935546875,Oz
1820000637,BUDWEISER LIGHT CUBE,.47661677,263.912239074707,124.8499984741211,93688.84765625,Oz
1820000644,BUDWEISER ICE DRAFT,.59032804,163589.6030158997,89740.25988817215,58074309.91210938,Oz
1820000646,"BUDWEISER ""ICE"" DRAF",.63118345,77182.33495521545,47539.66791200638,27399729.42089844,Oz
1820000647,"BUDWEISER ""ICE"" DRAF",.62789494,10520.5015296936,6607.730066299438,3734778.15234375,Oz
1820000649,ICE DRAFT LIGHT,.59211248,7425.530834197998,3614.679974555969,2636063.48046875,Oz
1820000651,ICE DRAFT LIGHT,.66426837,4276.57789516449,2840.869837999344,1518185.190429688,Oz
1820000670,MICHELOB GOLDEN DRAF,.64767319,73691.49577188492,45029.06821227074,26160481.46191406,Oz
1820000695,MICHELOB GOLDEN DRAF,.59442002,357241.2097969055,195674.1969981194,126820631.2539063,Oz
1820000696,MICHELOB GOLDEN DRAF,.66714483,1319.561203956604,879.5999507904053,468444.23828125,Oz
1820000699,MICHELOB GOLDEN DRAF,.59719342,577691.9079189301,312898.6163511276,205080629.3300781,Oz
1820000700,MICHELOB GOLDEN DRAF,.64712238,8943.026221752167,5618.659757852554,3174774.364257813,Oz
1820000701,MICHELOB GOLDEN DRAF,.49377525,863.712815284729,429.3800182342529,306618.04296875,Oz
1820000759,MICHELOB GOLDEN DRFT,.64959812,115815.4889602661,70220.86741495132,41114499.12792969,Oz
1820000769,BUDWEISER LIGHT LONG,.57026732,8565.151841163635,4815.94984292984,3040628.96484375,Oz
1820000770,MICHELOB DRY LONGNEC,.61448854,13663.45644283295,8094.109970092773,4850527.166015625,Oz
1820000771,BUDWEISER BEER LONG,.57558775,17406.21199798584,9874.309737205505,6179205.37109375,Oz
1820000773,BUDWEISER LIGHT BEER,.64092731,405.8650321960449,260.1299800872803,144082.0881347656,Oz
1820000774,BUDWEISER BEER,.63437462,10113.96991920471,6409.919503092766,3590459.382080078,Oz
1820000780,BUDWEISER DRY LONGNE,.60505885,85627.52635335922,50066.53894400597,30397772.51855469,Oz
1820000781,BUDWEISER DRY BEER,.57800156,81524.89019012451,46300.57893037796,28941336.765625,Oz
1820000784,O'DOUL'S N/A LONGNEC,.63124526,1150939.297047615,697065.8488430977,408583453.8466797,Oz
1820000800,MICHELOB DRY LONGNEC,.67569119,58330.60322952271,38404.72939300537,20707364.63964844,Oz
1820000801,BUSCH LIGHT BEER,.44833463,58396.58132171631,25830.15969562531,20730786.86914063,Oz
1820000814,MICHELOB DRY LONGNEC,.61613512,56153.3277797699,33415.96960926056,19934431.67285156,Oz
1820000830,BUDWEISER LIGHT LONG,.61603808,11.99601078033447,7.389999389648438,4258.583984375,Oz
1820000833,BUDWEISER LIGHT LONG,.61907113,429733.10516119,256296.7322177887,152555254.3701172,Oz
1820000834,BUDWEISER BEER LONG,.62164909,837099.6528449059,499436.8469297886,297170379.1308594,Oz
1820000846,CARLSBERG BEER,1.0820264,3988.673605918884,4315.849922180176,1415979.174804688,Oz
1820000847,ELEPHANT BEER,1.0820264,5.998005390167236,6.489999771118164,2129.2919921875,Oz
1820000869,MICHELOB CLASSIC DAR,.65006536,69318.94928598404,43204.31915664673,24608227.58203125,Oz
1820000875,WINTER BREW,.96915251,2597.136381626129,2505.459934711456,921983.43359375,Oz
1820000877,BUDWEISER LIGHT NR,.59777409,383824.3709392548,215390.5880527496,136257653.53125,Oz
1820000884,MICHELOB LIGHT BEER,.64515579,119552.2457914352,70965.84002685547,42441048.08789063,Oz
1820000885,BUDWEISER LIGHT BEER,.64092731,149.2836885452271,95.67999267578125,52995.71020507813,Oz
1820000891,MICHELOB REGULAR BEE,.65884095,395640.4417552948,238759.7703733444,140452358.7324219,Oz
1820000902,BUDWEISER LIGHT BEER,.65093452,9140.960506439209,5933.759870529175,3245040.998046875,Oz
1820000926,BUDWEISER BEER N.R.B,.59896785,806467.8375692368,450085.6790838242,286296084.8574219,Oz
1820000928,BUDWEISER BEER LONG,.61187005,23.99202156066895,14.67999935150146,8517.16796875,Oz
1820000956,MICHELOB LIGHT BEER,.66535807,246805.9310884476,155565.3972024918,87616107.02246094,Oz
1820000972,BUDWEISER BEER,.60773921,17517.50788116455,10600.66912984848,6218715.399902344,Oz
1820000987,MICHELOB REGULAR BEE,.67182136,736549.0863842964,466412.8740334511,261474928.0214844,Oz
1820000988,MICHELOB REGULAR BEE,.96375942,4513.499418973923,4353.300088167191,1602292.286010742,Oz
1820000997,BUDWEISER BEER N.R.B,.64943641,25143.63936853409,16209.93985128403,8925992.05859375,Oz
1820011047,BUDWEISER BEER,.593876,1408199.750833511,812002.3263845444,499910916.7675781,Oz
1820011168,BUDWEISER BEER,.47643793,4563642.539587021,2132987.407969475,1620093108.328125,Oz
1820015168,NATURAL LIGHT,.34240547,9860.72106552124,3181.769950866699,3500556.03515625,Oz
1820023920,BUDWEISER DRAFT BALL,.44757521,11609.58552932739,5146.889966964722,4121402.83203125,GA
1820029031,BUDWEISER DRY BEER,.4873319,9380.8805103302,4531.799966812134,3330212.6796875,Oz
1820029167,BUDWEISER DRY BEER,.46422112,193231.7444076538,88503.82858657837,68597270.8828125,Oz
1820041047,MICHELOB REGULAR BEE,.66020864,3214.930918693542,2123.319978713989,1141300.5078125,Oz
1820041218,MICHELOB,.53312141,7953.355443954468,4196.519985198975,2823441.206054688,Oz
1820043218,MICHELOB LIGHT,.52679348,2105.299983978271,1092.830005645752,747381.5,Oz
1820043273,MICHELOB LIGHT BEER,.49933264,59.98005390167236,29.94999885559082,21292.919921875,Oz
1820053047,BUDWEISER LIGHT BEER,.59171367,662383.7422542572,380935.7050132751,235146232.4277344,Oz
1820053168,BUDWEISER LIGHT BEER,.47562671,1878335.419773102,878861.1426925659,666809082.0898438,Oz
1820053178,BUDWEISER LIGHT BEER,.47450069,2039.321859359741,968.1499938964844,723959.27734375,Oz
1820057920,BUDWEISER LT DRAFT B,.44776958,8583.390251159668,3840.439979553223,3047103.515625,GA
1820061047,BUSCH BEER,.4499132,151173.7308568954,66990.31970119476,53666675.45898438,Oz
1820061166,BUSCH BEER,.35081553,26007.35202407837,9007.239851951599,9232610.1171875,Oz
1820061168,BUSCH BEER,.35071188,1397967.151258469,478421.9642734528,496278344.5273438,Oz
1820079047,O'DOUL'S NON ALCOHOL,.58091247,208286.7391357422,116901.5478696823,73941793.84179688,Oz
1820079283,O'DOUL'S N/A LONGNEC,.56761187,3208.932903766632,1805.989935159683,1139171.215820313,Oz
1820084167,ICE DRAFT LIGHT,.51008362,12235.93111419678,6225.859968185425,4343755.66796875,Oz
1820086167,BUSCH LIGHT BEER,.35039827,801237.5705833435,274451.5254678726,284439342.1679688,Oz
1820087167,BUD ICE,.48191705,127493.6044311523,60892.349858284,45260230.62890625,Oz
1820092867,MICHELOB GOLDEN DRAF,.47626939,1219490.495771408,567465.4409608841,432919131.7539063,Oz
1820092876,MICHELOB GOLDEN DRAF,.49780485,19433.53782463074,9581.720045089722,6898906.0703125,Oz
1820096867,MICHELOB GOLDEN DRAF,.47567448,831707.4390907288,388944.0001039505,295256145.390625,Oz
1969380011,GUINESS STOUT GIFT B,1.2587838,2111.297904014587,2647.360098838806,749510.7631835938,Oz
1975120103,MORETTI N.R. BTLS,1.1903957,29.99002695083618,35.54999923706055,10646.4599609375,Oz
1975120104,MORETTI N.R. BTLS,1.1297166,677.7746105194092,763.9699878692627,240609.9951171875,Oz
2017224253,CHERRY RAIL BEER,1.1653874,5.998005390167236,6.989999771118164,2129.2919921875,Oz
2124222010,RED HOOK DOUBLE BLAC,1.4677606,194.2687417268753,285.1400027275085,68965.40277099609,Oz
2124260002,BLACKHOOK PORTER N.R,1.0820264,1529.491378307343,1654.949956893921,542969.4580078125,Oz
2124260003,BALLARD BITTER N.R.,1.0820264,1121.627013206482,1213.629978179932,398177.6025390625,Oz
2124260006,RED HOOK ESB N.R.,1.1153073,13843.39658737183,15193.89957809448,4914405.920898438,Oz
2124260007,WHEAT HOOK N.R.,1.1653874,905.6988158226013,1055.489965438843,321523.0908203125,Oz
2124260011,WHEAT HOOK N.R.,1.1653874,1175.609059810638,1370.03995513916,417341.23046875,Oz
2129697503,ST REGIS NON-ALCHL C,2.9968193,4584.507130146027,13222.18009519577,1627500,ML
2129697506,ST REGIS NON-ALCH WH,2.7871728,2002.816958427429,5554.210119247437,711000,ML
2129697507,ST REGIS NON-ALCH CH,2.7006323,1652.112727165222,4461.980051994324,586500,ML
2129697508,ST REGIS NON-ALCHL C,2.8007619,1823.239493846893,5095.070130348206,647250,ML
2210000047,PABST LIGHT BEER,.48516124,713.7626466751099,345.3299894332886,253385.7470703125,Oz
2210000071,PABST BEER,.48553175,4012.665666103363,1946.929955720901,1424496.342773438,Oz
2210000170,PABST BEER,.47502881,1511.497371673584,717.840003490448,536581.58203125,Oz
2210000171,PABST BLUE RIBBON,.3328335,17586.15216636658,5852.669885635376,6243084.140625,Oz
2210000230,BIG BEAR MALT LIQUOR,.42218581,3742.08885383606,1583.749963760376,1328441.552246094,Oz
2210000392,OLD ENGLISH MALT LIQ,.56343734,4135.291442871094,2336.33998298645,1468028.470703125,Oz
2210000600,HAMMS BEER,.48194066,14311.24105501175,6898.319811105728,5080490.693359375,Oz
2210000640,HAMMS DRAFT BEER,.48014355,2099.301903247833,1008.839967250824,745252.197265625,Oz
2210000700,HAMMS LIGHT BEER,.48182681,1001.6669049263,482.6299815177917,355591.7626953125,Oz
2210009510,PABST GENUINE DRAFT,.33293805,1727.425575256348,574.8599853515625,613236.09375,Oz
2210014392,OLD ENGLISH BEER 800,.47810385,13545.49530673027,6474.95007622242,4808650.879882813,Oz
2210018500,HAMMS BEER,.45381752,851.7167682647705,372.0899810791016,302359.462890625,Oz
2210018510,HAMMS BEER,.33161864,223749.5968875885,71853.06864738464,79431108.4453125,Oz
2210018570,HAMMS DRAFT BEER,.40496793,347.8843202590942,136.9699945449829,123498.9375,Oz
2210018580,HAMMS DRAFT BEER,.33051899,163409.6613998413,52836.89896965027,58010431.0703125,Oz
2210021500,HAMMS LIGHT BEER,.46598822,95.96808624267578,44.71999740600586,34068.671875,Oz
2210021510,HAMMS LIGHT BEER,.32963181,72791.79448699951,23362.02949523926,25841087.6640625,Oz
2210047510,PABST LIGHT,.31635517,1559.481422424316,493.3500099182129,553615.91796875,Oz
2556924161,SUMMIT EXTRA PALE AL,1.0080847,1421.527282714844,1424.129951477051,504642.2021484375,Oz
2556971416,SUMMIT PORTER - UNIO,1.1520497,161.9461460113525,184.7299938201904,57490.8837890625,Oz
2791610005,PIKE PLACE PALE ALE,1.1653874,5.998005390167236,6.989999771118164,2129.2919921875,Oz
2981520001,ZYWIEC POLISH BEER N,.99333912,22156.63255405426,21819.68957424164,7865604.606445313,Oz
2981520002,OKOCIM POLISH BEER N,.99750668,31729.44962072372,31627.59949111938,11263954.67480469,Oz
3354494405,TSINGTAO BEER,1.0691065,8973.016181468964,9460.559832572937,3185420.823242188,Oz
3410000004,MILLER HIGH LIFE BEE,.62108868,208544.6534547806,128875.7380771637,74033353.38671875,Oz
3410000007,MILLER HIGH LIFE BEE,.53243238,48167.98211193085,22861.29953861237,17099633.74169922,Oz
3410000008,MILLER HIGH LIFE N.R,.66314441,13870.05454182625,8772.640027999878,4923869.363952637,Oz
3410000031,MILLER HIGH LIFE N.R,.68124354,90628.53094816208,56662.95055127144,32173128.37719727,Oz
3410000091,MAGNUM MALT LIQUOR,.36612171,15258.25902509689,5297.069874882698,5416681.997070313,Oz
3410000104,MEISTER BRAU BEER,.38303834,234869.9020195007,84104.37810266018,83378816.05859375,Oz
3410000129,MILLER RED DOG CANS,.66460901,11870.05281877518,7883.749577045441,4213868.854492188,Oz
3410000144,RED DOG 22OZ NR,.85619366,186.9378454685211,158.1800029277802,66362.93542480469,Oz
3410000154,MILWAUKEE'S BEST BEE,.38682383,470321.6103391647,174306.4080824852,166964173.3691406,Oz
3410000304,MILLER SHARP'S N/A C,.51312816,85555.55038309097,43933.57962059975,30372221.00878906,Oz
3410000354,MILLER LITE BEER,.63286161,1302167.01671648,816713.3229513168,462269292.6738281,Oz
3410000357,MILLER LITE BEER,.61262196,30861.73726987839,18633.55939865112,10955916.79321289,Oz
3410000358,MILLER LITE BEER N.R,.67511779,14357.89230251312,9490.010047197342,5097051.764160156,Oz
3410000359,MILLER LITE 40OZ NR,.59716493,7054.320643186569,4212.230088949203,2504283.871582031,Oz
3410000369,MILLER LITE 22OZ NR,.8675611,179.6069512367249,155.8200035095215,63760.46704101563,Oz
3410000382,MILLER LITE BEER N.R,.69234782,125803.5004980564,86293.72119963169,44660242.73162842,Oz
3410000544,LEINENKUGEL RED,1.0794334,758.7477211952209,810.0199952125549,269355.4411621094,Oz
3410000554,MILLER GENUINE DRAFT,.63338858,779116.9315152168,490218.2637681961,276586513.4355469,Oz
3410000559,MILLER GENUINE DRAFT,.59719855,17590.81657648087,10505.21019792557,6244739.958984375,Oz
3410000569,MILLER GENUINE DRAFT,.8675611,471.0100536346436,408.6299948692322,167208.5693359375,Oz
3410000581,MILLER GENUINE DRAFT,.71358973,67156.3355038166,47931.21111941338,23840499.16253662,Oz
3410000654,MILWAUKEE'S BEST LIG,.38607368,210152.1198253632,78267.47862315178,74604003.70996094,Oz
3410000769,LEINENKUGEL LIMITED,1.0749701,232.7559438943863,249.1799993515015,82628.36004638672,Oz
3410000879,ICEHOUSE CAN,.6559577,9974.683104038239,6535.269814491272,3541012.586914063,Oz
3410000894,ICEHOUSE 22OX NR,.8675611,27.49086022377014,23.85000061988831,9759.255249023438,Oz
3410000904,MILLER GENUINE DRAFT,.63240904,298634.6966743469,187796.4363903999,106015319.2353516,Oz
3410001225,MILLER HIGH LIFE N.R,.53295493,263.9122409820557,134.8599989414215,93688.8486328125,Oz
3410001306,MILLER HIGH LIFE BEE,.46788734,959153.0633544922,436821.8503322601,340499341.9140625,Oz
3410001341,MILLER HIGH LIFE PAR,.38567725,1743230.382080078,655746.6750326157,618846778.2099609,Oz
3410001347,MILLER HIGH LIFE PAR,.39238968,269.9102554321289,105.9099979400635,95818.1396484375,Oz
3410001505,MILLER HIGH LIFE LNN,.60861945,569906.4973196983,324082.2533729076,202316808.4003906,Oz
3410001518,MILLER REG BEER,.64092731,51.31626892089844,32.8899974822998,18217.27612304688,Oz
3410001525,MILLER HIGH LIFE N.R,.61448532,305508.4130096436,173938.7190332413,108455487.859375,Oz
3410001528,MILLER HIGH LIFE N.R,.56639606,633461.3620815277,339855.5648798943,224878786.4375,Oz
3410001579,MILLER HIGH LIFE NR,.8289389,38917.56112790108,31851.97019124031,13815734.18811035,Oz
3410001602,MILLER HIGH LIFE BEE,.57428598,414066.3126516342,226711.4155564308,146993543.6367188,Oz
3410007306,MILWAUKEE'S BEST LIG,.31915849,431664.4600219727,135636.757850647,153240886.375,Oz
3410007602,MILWAUKEE'S BEST LIG,.3581363,95272.31903457642,33950.68894720078,33821674.04296875,Oz
3410010505,MILLER SHARP'S N/A L,.55772424,1183496.470499516,654803.7971053123,420141250.5146484,Oz
3410010602,SHARPS NON-ALCOHOLIC,.48041898,303607.0432739258,142090.0568871498,107780502.3203125,Oz
3410015304,MILLER GENUINE DRAFT,.63521111,29.99002695083618,19.04999923706055,10646.4599609375,Oz
3410015306,MILLER GENUINE DRFT,.47362673,4618416.325500488,2134947.137286186,1639537803.316406,Oz
3410015505,MILLER GEN DRFT LT L,.61336702,1119113.882320881,644767.3374943733,397285430.28125,Oz
3410015525,MILLER GENUINE DRFT,.61923689,477459.2374744415,274294.1192698479,169498030.7773438,Oz
3410015528,MILLER GENUINE DRFT,.57178885,1555102.908210754,837181.2641682625,552061535.7597656,Oz
3410015579,MILLER GEN DRFT LT L,.83214915,50117.33752417564,40815.9601855278,17791654.81628418,Oz
3410015602,MILLER GENUINE DRAFT,.58441502,1142008.262858391,634889.7634177208,405412937.7167969,Oz
3410016505,MILLER RESERVE LT LN,.66390198,33055.00817394257,21093.24960517883,11734528.17382813,Oz
3410017306,MILLER GENUINE DRAFT,.47426748,9145591.020242691,4222496.283557892,3246684815.027344,Oz
3410017505,MILLER GEN DRFT LNNR,.61394,2455118.654025555,1410313.076932669,871567122.6474609,Oz
3410017525,MILLER GENUINE DRAFT,.62053001,1010040.150364399,579191.9892680645,358564254.984375,Oz
3410017528,MILLER GENUINE DRAFT,.57404423,3380032.109661102,1822240.987269402,1199911401.279297,Oz
3410017579,MILLER GENUINE DRAFT,.83228981,91844.46426939964,75390.91005086899,32604784.87927246,Oz
3410017602,MILLER GENUINE DRAFT,.58658457,2101389.261366844,1167134.564851284,745993192.59375,Oz
3410021505,LOWENBRAU BEER NR BT,.67256641,732110.5626220703,463171.712416172,259899251.8203125,Oz
3410021525,LOWENBRAU BEER NR BT,.63187671,11.99601078033447,7.579999923706055,4258.583984375,Oz
3410021526,LOWENBRAU SPECIAL NR,.69939917,539.8205051422119,377.5500087738037,191636.27734375,Oz
3410021528,LOWENBRAU SPECIAL NR,.67616791,218687.2815074921,142452.74077034,77633986.21484375,Oz
3410021579,LOWENBRAU BEER,.85427219,21804.75055551529,18501.08996200562,7740686.457763672,Oz
3410022505,LOWENBRAU DARK BEER,.64113802,110435.2771267891,68022.19813370705,39204524.21777344,Oz
3410022525,LOWENBRAU DARK BEER,.58186007,11.99601078033447,6.979999542236328,4258.583984375,Oz
3410023505,LOWENBRAU LIGHT NR B,.63393158,85411.59828138351,52016.22871494293,30321118.01464844,Oz
3410029306,MEISTER BRAU BEER,.3236762,301195.8442897797,93605.95867443085,106924526.640625,Oz
3410029602,MEISTER BRAU BEER,.35422295,106656.5343551636,37147.42878675461,37863070.34960938,Oz
3410031306,MILWAUKEE'S BEST BEE,.3197346,700782.9738922119,218595.3579273224,248777959.7226563,Oz
3410031602,MILWAUKEE'S BEST BEE,.35718399,270066.196387291,95742.59768152237,95873501.42773438,Oz
3410032505,MILLER RESERVE LNNR,.69172603,74597.19442605972,48567.19923186302,26482004.55273438,Oz
3410048505,LEINENKUGELS HONEY W,.91109473,23704.11779022217,21570.97957038879,8414961.963867188,Oz
3410050306,LEINENKUGEL PREM REG,.52463335,3574.811264038086,1850.509998321533,1269058.02734375,Oz
3410050505,LEINENKUGEL PREM REG,.65611827,281324.4535269737,178071.0172605515,99870182.50585938,Oz
3410050525,LEINENKUGEL PREM REG,.62418306,16536.50124645233,9990.900063514709,5870458.037109375,Oz
3410050528,LEINENKUGEL NR BTLS,.65446579,63135.00591659546,39636.33952522278,22412927.51171875,Oz
3410051505,LEINNKGL LNGNCK PRM,.63748002,53310.27264165878,33117.7194185257,18925147.24414063,Oz
3410052505,LEINENKUGEL LIMITED,.78641278,84565.87953901291,63271.9193572998,30020887.84472656,Oz
3410053505,LEINENKUGEL BOCK BEE,.79558522,26391.22436094284,19048.60978960991,9368884.798828125,Oz
3410054574,LEINENKUGEL 125TH AN,1.1561414,4054.651700973511,4459.53002166748,1439401.384765625,Oz
3410057306,MILLER LITE BEER,.4742713,14091618.44930267,6539291.425483704,5002524544.105469,Oz
3410057505,MILLER LITE LONGNECK,.61412573,1874280.786091328,1082151.670559168,665369680.4072266,Oz
3410057525,MILLER LITE BEER N.R,.62166703,792798.3852620125,456020.5676631927,281443428.3173828,Oz
3410057528,MILLER LITE BEER N.R,.57335526,2846893.383598328,1544306.356251717,1010647152.705078,Oz
3410057579,MILLER LITE NR BTLS,.83277929,78293.46971297264,64295.13017988205,27794181.78601074,Oz
3410057602,MILLER LITE BEER,.58733726,3228798.396747589,1812962.031711578,1146223433.582031,Oz
3410059505,LEINENKUGEL RED LAGE,.874713,101810.1456012726,86456.86986875534,36142602.36425781,Oz
3410059574,LEINENKUGEL RED NR B,.7973187,23860.06579113007,18415.94875907898,8470323.55078125,Oz
3410062302,MILLER ICEHOUSE CANS,.49933264,11.99601078033447,5.989999771118164,4258.583984375,Oz
3410062306,MILLER ICEHOUSE CANS,.48645401,523721.8512859344,250136.8818321228,185921259.9726563,Oz
3410062505,MILLER ICEHOUSE LN,.63902384,408272.2446193695,248863.8509864807,144936647.7890625,Oz
3410062528,MILLER ICEHOUSE N.R.,.5838505,737118.9008169174,404404.1908016205,261677211.1328125,Oz
3410062602,MILLER ICEHOUSE CANS,.6466791,14131.30086803436,9109.220012664795,5016611.939453125,Oz
3410064306,"MILLER LITE ""ICE""",.48482499,509230.6702098846,242210.8617038727,180776890.6289063,Oz
3410064505,"MILLER LITE ""ICE"" L.",.64656848,184186.7545251846,112680.0251140594,65386298.63867188,Oz
3410064528,"MILLER LITE ""ICE"" N.",.57510155,449922.3939008713,243791.6283664703,159722451.2382813,Oz
3410064602,MILLER LITE ICE,.60847378,29438.21086788177,17326.51005554199,10450565.109375,Oz
3410067306,MILLER RED DOG CANS,.50632381,218543.3290557861,108279.9007053375,77582883.17578125,Oz
3410067505,MILLER RED DOG NR BT,.64479887,144276.0257744789,91350.19673871994,51217989.74316406,Oz
3410067528,MILLER RED DOG NR BT,.60556668,353306.5205078125,200301.7303142548,125423815.6542969,Oz
3410070505,MILLER RESEVER AMBER,.76181,25221.61307859421,18172.46995925903,8953672.841796875,Oz
3410071505,MILLER RESERVE VELVE,.93197644,623.7925615310669,581.3599691390991,221446.3671875,Oz
3410078505,LEINENKUGEL WINTER L,.86397022,12979.68393516541,11035.45997285843,4607787.88671875,Oz
3410079505,LEINENKUGEL ICE,.87957996,7701.439004898071,6637.919961929321,2734010.916992188,Oz
3682493103,WIT BEER,.99866527,11.99601078033447,11.97999954223633,4258.583984375,Oz
3692011111,GOOSE ISLAND ALE,.89386857,53.98204851150513,47.50999784469604,19163.6279296875,Oz
3692011115,GOOSE ISLAND KILGUBB,.98477179,53.98204898834229,52.90999794006348,19163.6279296875,Oz
3692011118,GOOSE ISLAND,.87362373,23.99202156066895,20.95999908447266,8517.16796875,Oz
3828194001,DOM MICRO BREW MIX N,1.1619884,157855.5113940239,182003.1221542358,56038706.6484375,Oz
3876630214,ASAHI SUPER DRY BIG,1.2072351,379.6737517118454,458.6899795532227,134784.18359375,Oz
3876636120,ASAHI BEER,1.0546736,1481.507336139679,1558.029951095581,525935.1220703125,Oz
4006311676,KIRIN LIGHT BEER NR,.83194321,17.99401617050171,14.96999931335449,6387.8759765625,Oz
4006311696,KIRIN BEER NR BTL,.89605653,7491.508774757385,6687.80987071991,2659485.698242188,Oz
4006315706,KIRIN DRY BEER NR BT,.85478735,1949.351764678955,1660.449967384338,692019.8974609375,Oz
4052210016,BELLS PALE ALE,1.0820264,5.998005390167236,6.489999771118164,2129.2919921875,Oz
4185100104,TOSELLI NON-ALCOHOLI,2.6409931,2577.464845657349,6706.789971828461,915000,ML
4199900007,PETE'S SEASONAL BREW,1.1997006,648.7842828035355,781.5299940109253,230318.4213256836,Oz
4257205715,CLAUSTHALER GERMAN N,.99608898,88050.72070407867,86096.16936302185,31258006.50585938,Oz
4323700007,NEW AMSTERDAM BLONDE,1.0198587,473.842426776886,486.209981918335,168214.0673828125,Oz
4323700008,NEW AMSTERDAM BLACK/,1.0195055,119.9601078033447,122.7999954223633,42585.83984375,Oz
4323700100,NEW AMSTERDAM BEER,1.0195055,59.98005390167236,60.89999771118164,21292.919921875,Oz
4323700200,NEW AMSTERDAM ALE,.99866527,35.98803234100342,35.93999862670898,12775.751953125,Oz
4323700300,NEW AMSTERDAM LIGHT,1.1653874,17.99401617050171,20.96999931335449,6387.8759765625,Oz
4327900100,COORS PARTY BALL TAP,.87336624,2627.126364707947,2286.809846878052,932629.892578125,Oz
4523810001,RAZOR'S EDGE,1.1814184,203.9321842193604,240.1599922180176,72395.927734375,Oz
4948308600,HACKER PSCHORR DARK,1.3321095,179.9401617050171,239.6999931335449,63878.759765625,Oz
4948311200,HACKER-PSCHORR WEISS,1.4154705,2225.260026931763,3149.789924621582,789967.3291015625,Oz
4948318000,HACKER PSCHOOR NR BT,1.363547,5572.147031784058,7595.709789276123,1978112.260742188,Oz
4948361740,PSCHORR BRAU WEISS N,1.4134876,14413.72377467155,20373.61896634102,5116871.976501465,Oz
5093961201,BOULDER PALE ALE,.90274745,2939.022663116455,2617.589918136597,1043353.076171875,Oz
5093961206,BOULDER BROWN ALE,.87849545,1397.535264015198,1213.169959068298,496125.0341796875,Oz
5093961207,BOULDER AMBER,.89171052,2789.072528362274,2448.749924659729,990120.7763671875,Oz
5230000002,OLD MILWAUKEE LIGHT,.46892241,40282.60461330414,18797.94951462746,14300325.02148438,Oz
5230000012,SCHLITZ BEER,.40539667,54617.83887720108,20358.63000798225,19389332.9453125,Oz
5230000022,OLD MILWAUKEE BEER,.46312767,151695.5571303368,69451.4180752039,53851923.85839844,Oz
5230000026,OLD MILWAUKEE-REGULA,.40026847,8151.955920219421,3173.899955391884,2893944.36328125,Oz
5230000027,OLD MILWAUKEE BEER N,.42911977,10886.37962627411,4690.669965624809,3864664.806640625,Oz
5230000035,OLD MILWAUKEE N.A. C,.44610131,281222.4869456291,125702.4573631287,99833984.58691406,Oz
5230000042,SCHLITZ MALT LIQUOR,.59064543,2747.086509227753,1618.019947528839,975215.732421875,Oz
5230000046,SCHILTZ MALT LIQUOR,.47650215,559.8138296604156,244.5399956703186,198733.9116210938,Oz
5230000047,SCHLITZ MALT LIQUOR,.52211916,12882.38240647316,6749.699875116348,4573245.837890625,Oz
5230000057,SCHLITZ RED BULL NR,.53717858,1386.205646276474,744.6399831771851,492103.0170898438,Oz
5230000201,AUGSBURGER REG BEER,.56852227,59.98005390167236,34.09999918937683,21292.919921875,Oz
5230000207,AUGSBURGER DARK BEER,.58640701,65.9780592918396,38.68999791145325,23422.2119140625,Oz
5230000208,AUGSBURGER REG BEER,.61087775,186801.88565588,107774.7198059559,66314669.95996094,Oz
5230000211,AUGSBURGER LIGHT BEE,.58506262,2597.1363697052,1464.369993686676,921983.4326171875,Oz
5230000214,AUGSBURGER DARK BEER,.59949893,36251.94533348083,20875.85983133316,12869440.81640625,Oz
5230000215,AUGSBURGER BOCK BEER,.6136933,5986.009471893311,3610.399911165237,2125033.41015625,Oz
5230000218,AUGSBURGER GOLDEN NR,.66605473,47.98404312133789,31.95999908447266,17034.3359375,Oz
5230000226,AUGSBURGER BOCK BEER,.52072865,17.99401617050171,9.369999647140503,6387.8759765625,Oz
5230000240,AUGSBURGER GOLDEN,.62611324,487343.9511861801,288264.1617412567,173007103.9941406,Oz
5230000242,AUGSBURGER DARK BEER,.61988938,207590.9715013504,123070.7860629559,73694796.04199219,Oz
5230000243,AUGSBURGER BOCK,.61431485,53880.08344841003,31915.82883787155,19127430.00195313,Oz
5230000289,AUGSBURGER GOLDEN NR,1.013064,5.498171925544739,5.570000052452087,1951.851013183594,Oz
5230000349,AUGSBURGER OKTOBERFE,.66908205,3796.737508773804,2506.889927387238,1347841.83203125,Oz
5230000350,OLD MILWAUKEE LONGNE,.51961714,107.9640970230103,56.31999802589417,38327.255859375,Oz
5230000540,OLD MILWAUKEE LIGHT,.43099681,42070.01015758514,17995.18953514099,14934854.03515625,Oz
5230000548,SCHLITZ ICE CAN,.37668771,2957.016705036163,1117.569986581802,1049740.955078125,Oz
5230000966,OLD MILWAUKEE LIGHT,.34666091,415061.9801464081,141127.5972824097,147347006.0703125,Oz
5230001300,OLD MILWAUKEE N.A. B,.55140328,19415.54374647141,10650.27961063385,6892518.184570313,Oz
5230001301,OLD MILWAUKEE N.A. B,.48678482,21268.92747545242,10311.17993998528,7550469.413085938,Oz
5230001966,SCHLITZ REGULAR,.33302736,2831.058588027954,942.8199787139893,1005025.8203125,Oz
5230002330,OLD MILWAUKEE LONGNE,.52134812,515.8284645080566,268.9999914169312,183119.111328125,Oz
5230002540,OLD MILWAUKEE BEER,.43202916,136070.7521390915,58373.39885139465,48305118.16601563,Oz
5230002546,OLD MILWAUKEE N/A BE,.37388933,51318.93463134766,19124.05958557129,18218222.2890625,Oz
5230002553,OLD MILWAUKEE,.29941502,24591.8233165741,7366.700199604034,8730097.245605469,Oz
5230002554,OLD MILWAUKEE LIGHT,.29959959,13135.63244819641,3935.43009519577,4663149.498535156,Oz
5230002966,OLD MILWAUKEE BEER,.34799933,833866.7192134857,282280.3153142929,296022690.4570313,Oz
6206701171,LABATTS '50' ALE NR,.8144291,5716.099194526672,4474.819864749908,2029215.26953125,Oz
6206704971,LABATTS BLUE LIGHT N,.8309527,12985.68184041977,10487.03968811035,4609917.173828125,Oz
6206704972,LABATTS BLUE LIGHT N,.99866527,17.99401664733887,17.96999931335449,6387.8759765625,Oz
6206705155,LABATT BLUE,.885351,21882.72327613831,17798.80998706818,7768366.769287109,Oz
6206705171,LABATTS BLUE REG NR,.84910035,90186.01065921783,73432.67837715149,32016034.43652344,Oz
6206705172,end,.90799826,29354.2389292717,25702.84959030151,10420755.01953125,Oz
6206738072,LABATTS BLUE NR BTLS,.85949177,12871.71968507767,10779.59966945648,4569460.618164063,Oz
6227405870,MURPHY'S IRISH STOUT,1.2064413,4.965015888214111,5.990000247955322,1762.58056640625,Oz
6810940359,TENNENTS LAGERNR BTL,1.1653874,5.998005390167236,6.989999771118164,2129.2919921875,Oz
6821301112,MOLSON EXPORT ALE NR,.91285247,9134.962275981903,8233.269711494446,3242911.704101563,Oz
6821302112,MOLSON GOLDEN NR BTL,.8586418,373783.7088823318,293887.6501140594,132693218.6904297,Oz
6821302117,MOLSON GOLDEN N.R.'S,.77256787,230347.404756546,163167.8669881821,81773329.92578125,Oz
6821303111,MOLSON EXPORT ALE NR,.99866527,35.98803234100342,35.93999862670898,12775.751953125,Oz
6821303112,MOLSON CANADIAN BEER,.80098546,31057.67244338989,23187.67899513245,11025473.9609375,Oz
6821306112,MOLSON LIGHT NR BTL,.82687283,108467.9311709404,84866.20648956299,38506116.45117188,Oz
6821309112,MOLSON ICE,.89452755,131404.304625988,109511.5665884018,46648529.03613281,Oz
6821309117,MOLSON ICE N.R.,.74580222,115557.5738344193,82350.30646133423,41022939.60546875,Oz
6821309451,MOLSON ICE BIG CAN,1.0766078,39.98670315742493,43.20000004768372,14195.27966308594,Oz
7031000030,MICHEAL SHEAS VARIET,.83277678,71.97606563568115,59.93999576568604,25551.50390625,Oz
7031033006,MICHAEL SHEA'S IRS A,.80545717,34428.55138397217,27273.70919799805,12222136.05761719,Oz
7031037037,JW DUNDEE HONEY BROW,.83194321,239.9202184677124,199.5999956130981,85171.6796875,Oz
7089701123,FOSTERS LAGER 6PK NR,1.0185779,82832.4554772377,82616.37725782394,29405522.41992188,Oz
7089701331,FOSTER'S LAGER,1.0792111,70772.30333709717,76027.35243499279,25124167.97314453,Oz
7089713123,JOHN COURAGE AMBER B,1.0992905,1583.473431110382,1730.359943389893,562133.0859375,Oz
7089716123,FOSTERS LAGER 6PK NR,1.0405651,587.8045287132263,611.8199548721313,208670.615234375,Oz
7089718331,FOSTER'S LAGER,1.120814,495.6685364246368,548.8700232505798,175962.3331298828,Oz
7125000018,COLT 45 QT,.37137344,48746.45746159554,18103.13979268074,17304992.4574585,Oz
7125000019,COLT 45 BEER NR BTL.,.54754722,18303.91291093826,10069.6299598217,6497889.127441406,Oz
7143922033,ROLLING ROCK KING SI,1.0345094,1785.073138237,1834.760001659393,633700.9633789063,Oz
7143934500,ROLLING ROCK PREM BE,.68673182,317324.4840373993,210681.9357590675,112650192.9824219,Oz
7143934512,ROLLING ROCK NR,.737315,1091.636998176575,804.0900020599365,387531.14453125,Oz
7143934806,ROLLING ROCK PREM BE,.70056695,98055.39457273483,66271.56836414337,34809665.56835938,Oz
7199000007,COORS BEER,.63497955,9938.694961071014,6318.779773235321,3528236.830078125,Oz
7199000021,COORS BEER N.R.BTLS,.6338774,251.9162282943726,159.1800003051758,89430.263671875,Oz
7199000025,COORS LIGHT BEER N.R,.64060974,281.9062561988831,180.6299986839294,100076.7236328125,Oz
7199000027,COORS BEER,.62307131,65378.25935316086,40518.84859371185,23209282.71679688,Oz
7199000028,COORS LIGHT BEER,.62487662,125736.1888270378,78011.54768705368,44636348.05664063,Oz
7199000041,COORS BEER N.R.BTLS,.5919475,2771.07852935791,1555.269937515259,983732.8984375,Oz
7199000047,COORS BEER,.54329008,369297.1991081238,185797.9263334274,131100508.1777344,Oz
7199000048,COORS LIGHT BEER,.55705023,731336.8157081604,378390.7747807503,259624573.2519531,Oz
7199009001,COORS WINTERFEST BEE,.83154064,10706.43988275528,8897.899992465973,3800786.21484375,Oz
7199009501,BLUE MOON HONEY BLON,1.0122567,1499.501352787018,1512.99994468689,532322.998046875,Oz
7199009511,BLUE MOON BELGIAN WH,1.0293378,2531.158296585083,2558.769910812378,898561.220703125,Oz
7199009521,BLUE MOON NUT BROWN,1.009241,1133.623024463654,1136.609958648682,402436.1865234375,Oz
7199009532,BLUE MOON HARVEST PU,1.0641739,1145.61904335022,1215.549964904785,406694.7705078125,Oz
7199009541,BLUE MOON RASPBERRY,1.0354395,4306.567894458771,4449.299842834473,1528831.650390625,Oz
7199009561,BLUE MOON ABBEY ALE,.99866527,29.99002695083618,29.94999885559082,10646.4599609375,Oz
7199010001,COORS BEER,.6395613,16901.04673814774,10555.53014862537,5999871.551147461,Oz
7199010005,COORS REG BEER PARTY,.43872246,7378.713386535645,3211.019969940186,2619443.251953125,Oz
7199010006,COORS REGULAR LONGNE,.61695516,140479.2868270874,81569.73817396164,49870147.82714844,Oz
7199011600,COORS BEER,.46891445,675591.3488922119,306942.6964597702,239834933.2460938,Oz
7199030001,COORS LIGHT BEER,.64622825,7418.866470098495,4756.470093369484,2633697.565490723,Oz
7199030004,COORS LIGHT BEER PAR,.44837898,8535.078903198242,3814.449956893921,3029953.01171875,Oz
7199030005,COORS LIGHT LONGNECK,.62584764,249607.0000648499,149148.126585722,88610486.46289063,Oz
7199031600,COORS LIGHT BEER,.47291827,1265003.36164093,581894.4678421021,449076199.4375,Oz
7199036400,COORS LIGHT BEER N.R,.60483843,12739.76360988617,7477.38974237442,4522616.193359375,Oz
7199038006,COORS RED LIGHT LNNR,.6652211,155.9481401443481,103.7399940490723,55361.591796875,Oz
7199038011,COORS RED LIGHT NR B,.66605473,23.99202156066895,15.97999954223633,8517.16796875,Oz
7199047006,KEYSTONE REGULAR BEE,.35003322,135243.0270519257,46727.43891525269,48011275.85546875,Oz
7199047506,KEYSTONE DRY BEER,.35023871,6549.821924209595,2271.769945144653,2325186.85546875,Oz
7199048006,KEYSTONE LIGHT BEER,.35069188,187233.7390346527,64834.04867172241,66467978.921875,Oz
7199066200,HERMAN JOSEPHS SPECI,.83194321,5.998005390167236,4.989999771118164,2129.2919921875,Oz
7199070002,KILLIAN'S IRISH RED,.83000481,562654.90924263,445468.1900086403,199742494.3564453,Oz
7199070012,KILLIAN'S IRISH RED,.95780683,1997.335801362991,1897.389982938766,709054.2152099609,Oz
7199070015,KILLIAN'S IRISH RED,.93906218,165.9448169469833,153.370000243187,58910.41046142578,Oz
7199076400,KILLIAN'S RED NR 12O,.83109409,37043.68190193176,29797.9697303772,13150507.35546875,Oz
7199076502,KILLIAN'S IRISH BRWN,.81886375,803.7327303886414,651.8499879837036,285325.126953125,Oz
7199076601,KILLIAN'S WILDE HONE,.82504833,19277.58959579468,15500.63959980011,6843544.475585938,Oz
7199077005,COORS CUTTER NON-ALC,.6035468,261279.1181983948,150245.6649098396,92754088.64941406,Oz
7199077603,ZIMA CLEARMALT L.N.N,.80906224,366646.085665226,295056.3834066391,130159361.1669922,Oz
7199077609,ZIMA CLEARMALT,1.0857956,6174.447038292885,6703.939915418625,2191928.695495605,Oz
7199077803,ZIMA GOLD LNNR,.81814396,8703.105933189392,7159.969879150391,3089602.6796875,Oz
7199077807,ZIMA GOLD BIG BOTTLE,1.0858154,54.98171889781952,59.69999957084656,19518.51031494141,Oz
7199080003,CASTLEMAINE XXXX,.99866527,509.8304605484009,509.1499805450439,180989.8193359375,Oz
7199084001,COORS ARTIC ICE NR B,.64847422,1841.387696743011,1109.41998052597,653692.642578125,Oz
7199084004,COORS ARTIC ICE CANS,.6400044,107.9640970230103,69.20999908447266,38327.255859375,Oz
7199084009,COORS ARTIC ICE CANS,.53265512,575.8085193634033,305.7599964141846,204412.03125,Oz
7199090002,COORS EXTRA GOLD BEE,.4617666,101174.3561000824,45915.04920482635,35916897.34765625,Oz
7199090014,COORS EXTRA GOLD BEE,.63116497,12193.94507598877,7671.250049114227,4328850.62109375,Oz
7199091200,COORS EXTRA GOLD BEE,.61385059,13069.65381574631,8007.259681224823,4639727.250976563,Oz
7199091400,COORS EXTRA GOLD BEE,.5254631,58252.6291513443,29147.64923000336,20679683.84960938,Oz
7204000002,STROHS LIGHT BEER,.50706637,77596.19677257538,39239.31996250153,27546650.51855469,Oz
7204000006,STROHS BEER N.R.BTLS,.5900777,15610.8090929985,9194.9799669981,5541837.200317383,Oz
7204000007,STROHS BEER,.54606164,1271.577161312103,684.1100163459778,451409.8908691406,Oz
7204000009,STROHS BEER,.50766581,149734.2092518806,75763.24994111061,53155645.37792969,Oz
7204001110,STROH'S BEER,.40215671,45440.88894128799,18240.03969669342,16131515.71264648,Oz
7204001111,STROHS BEER,.036820572,4198.604141235352,151.8199982643127,1490504.42578125,Oz
7204001112,STROH'S LIGHT,.40113282,15522.83810043335,6216.999938964844,5510607.543945313,Oz
7204001113,STROHS BEER,.038506575,16015125.31336975,596762.1674604416,5685369438.792969,Oz
7204001122,STROHS REG LONGNECK,.50753492,146081.4240469933,72942.61960697174,51858906.53515625,Oz
7204001123,STROHS LIGHT LONGNEC,.50123143,50503.2058596611,25013.55981087685,17928638.57128906,Oz
7204001151,STROHS BEER N.R.BTLS,.66638225,2155.283262252808,1437.980021476746,765125.5698242188,Oz
7204004441,STROHS LIGHT BEER,.038316436,5548.155456542969,208.3299980163574,1969595.1328125,Oz
7204004443,STROHS LIGHT BEER,.038397342,8135695.108978271,303376.756008625,2888171720.367188,Oz
7204004456,STROHS NONALCOHOLIC,.6298216,37997.3647146225,23816.37873744965,13489064.78125,Oz
7204031232,STROH'S,.36081582,560423.6626815796,196973.7922964096,198950396.9892578,Oz
7204031310,STROHS BEER,.40933552,651719.2902164459,258705.5045661926,231360351.3671875,Oz
7204031313,STROH'S DRAFT LIGHT,.37687528,239.9202270507813,90.42000293731689,85171.6796875,Oz
7204031373,STROH'S,.37741673,8097.30770111084,3036.280104637146,2874544.166992188,Oz
7204031374,STROHS LIGHT BEER,.36441252,10106.63962554932,3662.580069541931,3587856.98046875,Oz
7204061321,STROHS LIGHT BEER,.40426067,274204.8191184998,108324.9768362045,97342712.9140625,Oz
7204061328,STROHS LIGHT BEER,.35926732,263372.4303512573,92530.94097805023,93497210.98730469,Oz
7231111201,WHITBREAD ALE NR BTL,1.2479148,47.98404407501221,59.87999725341797,17034.33544921875,Oz
7231113001,PILSNER URQUELL NR B,1.2075889,461.8464159965515,561.6299896240234,163955.4833984375,Oz
7231113003,FOSTER'S LAGER,1.1015949,43987.45863199234,45961.00075280666,15615547.97631836,Oz
7231133140,DOS EQUIS AMBER LNNR,1.0493239,1415.529274940491,1459.819969177246,502512.91015625,Oz
7231163001,PILSNER URQUELL NR B,1.2415425,36089.99894189835,44259.44925689697,12811949.92578125,Oz
7231163006,FOSTERS LAGER 6PK NR,1.0453475,287.9042596817017,301.1199765205383,102206.015625,Oz
7231163009,MOOSEHEAD BEER NR BT,.85786837,460676.8158006668,369261.8029737473,163540271.8261719,Oz
7231163011,DOS EQUIS BEER,.96615708,143532.2714295387,134352.4772911072,50953957.43554688,Oz
7231163012,DOS EQUIS BEER,.98951334,16770.42327404022,16194.63959741592,5953500.41015625,Oz
7231163018,MACKESON STOUT NR BT,1.2479148,55.98138475418091,69.8599967956543,19873.39135742188,Oz
7231163029,CLAUSTHALER GERMAN N,.97324127,61533.53817176819,59022.50846481323,21844406.55957031,Oz
7231163050,MOOSEHEAD LIGHT NR B,.81200904,47384.24313354492,37074.98863124847,16821406.74804688,Oz
7231163075,MOOSEHEAD ICE NR,.8435213,20837.07100629807,16978.60961008072,7397160.392578125,Oz
7231193040,MOOSEHEAD BEER NR BT,.76424658,128381.3097763062,93946.93635463715,45575365.83984375,Oz
7231195220,DOS EQUIS AMBER,1.1722528,282.2394905090332,328.8600018024445,100195.01953125,Oz
7248001103,SCHAEFER BEER CANS,.37032047,647.7845878601074,240.7299957275391,229963.53515625,Oz
7250900006,STEINLAGERS ALE,1.1743189,407.8643670082092,478.8199844360352,144791.85546875,Oz
7250904006,STEINLAGERS ALE,1.1653874,149.9501347541809,174.7499942779541,53232.2998046875,Oz
7262010105,RANIER DRAFT REGULAR,.3931492,1919.361848831177,744.0399990081787,681373.4477539063,Oz
7262010106,RANIER DRAFT LIGHT C,.39882609,879.7075271606445,345.5600032806396,312296.166015625,Oz
7272001431,CARLINGS BLK LABEL R,.42185366,17472.1901307106,7334.669901847839,6202627.586914063,Oz
7272001435,CARLINGS BLK LABEL R,.37261227,1295.569169998169,475.0299873352051,459927.0703125,Oz
7278300100,ANCHOR STEAM BEER NR,1.139625,11048.3261141777,12503.35970973969,3922155.853515625,Oz
7278300200,ANCHOR PORTER,1.2435384,647.7845826148987,804.9199752807617,229963.53515625,Oz
7278300300,ANCHOR STEAM ALE NR,1.2066292,1139.621030807495,1351.099943637848,404565.478515625,Oz
7289000007,HEINEKEN KINGSIZE N.,1.1241575,88109.50280022621,98669.2206132412,31278873.49072266,Oz
7289000011,HEINEKEN BEER N.R.BT,1.0573539,1339876.474414825,1358994.080659866,475656151.1972656,Oz
7289000012,HEINEKEN DARK BEER N,1.0124905,60088.01862192154,59036.37814664841,21331247.1875,Oz
7289000016,HEINEKEN NR BTLS.,1.0266199,966818.5176477432,921967.4080572128,343220576.9472656,Oz
7289000030,BUCKLER NON ALCOHOLI,.86740398,11888.04687976837,10122.09975528717,4220256.732421875,Oz
7289000059,AMSTEL BIER,.99866527,65.9780592918396,65.8899974822998,23422.2119140625,Oz
7289010011,AMSTEL LIGHT BEER NR,1.0468975,309539.0711083412,317459.7835583687,109886372.1181641,Oz
7289010016,AMSTEL LIGHT BEER NR,1.0074937,194527.3146381378,185842.4678430557,69057198.02734375,Oz
7336010122,WINDY CITY ALE NR 6P,.87321788,2801.068542003632,2429.429928302765,994379.3603515625,Oz
7336011107,OLD STYLE DRAFT LNNR,.62086827,5890.041334629059,3592.779860496521,2090964.736328125,Oz
7336011110,OLD STYLE DRAFT,.6170789,7653.454912185669,4708.329755067825,2716976.58203125,Oz
7336011112,OLD STYLE DRAFT,.51189196,17190.28364467621,8450.489779472351,6102550.8515625,Oz
7336011114,OLD STYLE DRAFT,.42045528,285217.1592445374,115488.057050705,101252093.109375,Oz
7336011116,OLD STYLE DRAFT N.R.,.48473328,19445.53379631042,8842.299861907959,6903164.640625,Oz
7336011209,OLD STYLE BEER N.R.B,.56696242,63675.49048733711,35556.71984112263,22604799.44580078,Oz
7336011214,OLD STYLE 30PK CANS,.37487769,2944420.961761475,1040743.736587524,1045269437.851563,Oz
7336011301,OLD STYLE BEER,.4519105,6424175.911720276,2748746.234693527,2280582450.714844,Oz
7336011341,OLD STYLE BEER,.58096534,1201112.609051704,683129.2267270088,426394981.2519531,Oz
7336011347,OLD STYLE BEER,.5826937,419.8603887557983,244.6499977111816,149050.44140625,Oz
7336011356,OLD STYLE PARTY PACK,.35071868,678046.5204753876,229641.8885784149,240706516.2900391,Oz
7336011358,O S RYL AMBR N.R. NO,.58808124,74681.16636657715,42706.10840725899,26511814.63183594,Oz
7336011370,OLD STYLE CAN,.39903584,134035.4327602386,53402.49108362198,47582578.79638672,Oz
7336011372,OLD STYLE 30PK CANS,.36171672,2754104.239456177,915499.7658233643,977707002.0058594,Oz
7336011401,OLD STYLE CLASSIC DR,.61771429,22456.53238248825,13812.9497833252,7972069.225585938,Oz
7336011402,OLD STYLE CLASSIC DR,.61853629,10832.39778423309,6679.189888000488,3845501.33984375,Oz
7336011403,OLD STYLE CLASSIC DR,.59743208,27662.80105018616,16395.57937479019,9820294.669921875,Oz
7336011404,OLD STYLE CLASSIC DR,.59477115,15198.94574451447,8964.069676399231,5395625.90625,Oz
7336011405,OLD STYLE CLASSIC DR,.44450489,242007.5279941559,99961.27883768082,85912673.4296875,Oz
7336011406,OLD STYLE CLSSC DRFT,.44494331,89730.16218566895,38385.6093454361,31854208.22265625,Oz
7336011411,OLD STYLE CLASSIC DR,.59951121,97701.51220703125,53606.41940116882,34684037.32128906,Oz
7336011412,OLD STYLE CLSC DRAFT,.59342986,52482.54822587967,28968.9995265007,18631304.97265625,Oz
7336011421,OLD STYLE CLASSIC DR,.38020372,135374.9888305664,50732.12114620209,48058120.13671875,Oz
7336011422,OLD STYLE CLASSIC DR,.37943378,91139.69659423828,34099.69067287445,32354591.67578125,Oz
7336011423,OLD STYLE CLASSIC DR,.27259061,71348.27435612679,19448.86950075626,25328637.35339355,Oz
7336011424,OLD STYLE CLASSIC DR,.27259061,37463.54162812233,10212.20953953266,13299557.40222168,Oz
7336011425,OS CLASSIC DRAFT 4PK,.397129,25471.52958631516,10104.27985644341,9042393.055908203,Oz
7336011426,OS CLASSIC DRFT LT 6,.39711252,8909.037406682968,3534.359964251518,3162708.294555664,Oz
7336011431,OLD STYLE CLASSIC DR,.3470307,90030.06470298767,31049.77893447876,31960673.04443359,Oz
7336011432,OLD STYLE CLASSIC DR,.34669173,38607.16311073303,13368.55959939957,13705542.89697266,Oz
7336011439,OLD STYLE CLASSIC DR,.39948264,14575.15403747559,5823.710193634033,5174179.615234375,Oz
7336011440,OLD STYLE CLASSIC DR,.39953846,10596.47688865662,4233.700140476227,3761749.237792969,Oz
7336011441,OLD STYLE CLASSIC DR,.35270575,209060.4882888794,68680.41139793396,74216472.3671875,Oz
7336011442,OLD STYLE CLASSIC DR,.35128811,122809.1669006348,40388.05096244812,43597253.4453125,Oz
7336011522,OLD STYLE ICE,.42123792,303691.0164394379,120791.297700882,107810312.546875,Oz
7336011523,OLD STYLE ICE NR BTL,.54523861,7701.438988685608,4199.759902000427,2734010.919921875,Oz
7336011524,OLD STYLE ICE NR BTL,.51206177,38147.31490325928,18746.54965543747,13542297.08203125,Oz
7336011528,OLD STYLE ICE LN NR,.57994199,33930.7170958519,18802.07959342934,12045404.82128906,Oz
7336011531,OLD STYLE ICE LIGHT,.55616736,62595.18624448776,33892.96908771992,22221291.24804688,Oz
7336011542,OLD STYLE ICE LIGHT,.43853119,1175.609064102173,510.509970664978,417341.23046875,Oz
7336011611,OLD STYLE BEER N.R.B,.63187671,5.998005390167236,3.789999961853027,2129.2919921875,Oz
7336011638,OLD STYLE BEER N.R.B,.5660215,155.9481410980225,88.27000045776367,55361.591796875,Oz
7336011661,OLD STYLE REG LONG N,.60769206,524477.6023864746,297238.4048652649,186189550.7226563,Oz
7336011670,OLD STYLE BEER,.74466211,20022.67478466034,14820.87923932076,7108049.665527344,Oz
7336011751,OLD STYLE BEER,.61072582,817222.2624063492,497698.6915462017,290113905.4560547,Oz
7336011754,OLD STYLE BEER,.53656,453809.0892481804,214124.8176391125,161102227.7834473,Oz
7336011905,OLD STYLE BEER,.66101211,72072.03431463242,47066.56990170479,25585572.1583252,Oz
7336011906,OLD STYLE BEER N.R.B,.54666406,482011.7228927612,236410.6385855675,171114163.4785156,Oz
7336013301,SPECIAL EXPORT CAN,.50743073,13963.35666847229,7062.179964065552,4956991.7578125,Oz
7336013403,SPECIAL EXPORT REG N,.60836011,10382.54763174057,6241.719784736633,3685804.455078125,Oz
7336013405,SPECIAL EXPORT REG N,.60078746,17922.04043102264,10451.10011482239,6362324.486328125,Oz
7336013412,SPECIAL EXPORT LIGHT,.60796803,3676.777363777161,2210.179901123047,1305255.990234375,Oz
7336013414,SPECIAL EXPORT LIGHT,.59575075,2447.186215400696,1431.859988212585,868751.1328125,Oz
7336013419,SPECIAL EXPORT LIGHT,.54143,287.904260635376,155.8799991607666,102206.015625,Oz
7336013611,SPECIAL EXPORT REG N,.63260806,316082.8982200623,188414.1168823242,112209429.6230469,Oz
7336013670,SPECIAL EXPORT REG N,.72667015,2850.385430335999,2071.289995670319,1011886.845214844,Oz
7336013751,SPECIAL EXPORT REG C,.67022276,1247.585129261017,833.2199506759644,442892.732421875,Oz
7336013752,SPECIAL EXPORT REG N,.60761672,57316.94089889526,32583.46993875504,20347514.30664063,Oz
7336013755,SPECIAL EXPORT REG N,.64528221,285984.9047241211,179270.5654139519,101524642.3671875,Oz
7336013757,SPECIAL EXPORT REG N,.61302155,281834.284201622,162201.0507154465,100051172.2910156,Oz
7336035301,OLD STYLE L.A. BEER,.47345254,36659.80941390991,17186.09976005554,13014232.6640625,Oz
7336035751,OLD STYLE L.A. BEER,.60467219,10760.4218082428,6483.899696826935,3819949.840820313,Oz
7336039751,CARLINGS BLK LABEL R,.4318102,773.7427067756653,334.1099927425385,274678.6669921875,Oz
7336043333,KINGSBURY NON/ALCOHO,.43215951,3670.779330730438,1553.709918737411,1303126.69921875,Oz
7336043611,KINGSBURY NON/ALCOHO,.60840112,16818.40738248825,9811.359951734543,5970534.751953125,Oz
7336043668,KINGSBURY N/A LONGNE,.64239204,24483.85836410522,15505.33976244926,8691769.919921875,Oz
7336043751,KINGSBURY NON/ALCOHO,.55981266,14875.05353736877,8189.87983584404,5280644.139648438,Oz
7336050301,SPECIAL EXPORT LIGHT,.50659251,7197.606519699097,3632.999971389771,2555150.390625,Oz
7336050611,SPECIAL EXPORT LIGHT,.61920142,83216.32875967026,49346.89881157875,29541797.19140625,Oz
7336050660,SPECIAL EXPORT LIGHT,.64488214,113128.3816757202,70765.88778209686,40160576.33203125,Oz
7336050662,SPECIAL EXPORT LIGHT,.59077847,15378.8860206604,8717.079908847809,5459504.673828125,Oz
7336050665,SPECIAL EXPORT LIGHT,.60753179,73091.69485664368,42398.35992908478,25947552.25976563,Oz
7336050751,SPECIAL EXPORT LIGHT,.68364829,143.952130317688,97.85999584197998,51103.0078125,Oz
7336068306,OLD STYLE DRY BEER,.44540951,16938.36743354797,7411.939776420593,6013120.59765625,Oz
7336068661,OLD STYLE DRY LONGNE,.56239659,21064.99544239044,11139.84013485909,7478073.494140625,Oz
7336068741,OLD STYLE DRY BEER,.56989992,5950.0213804245,3386.839998245239,2112257.65625,Oz
7336068756,OLD STYLE DRY BEER,.59548819,5242.256757736206,3117.219798564911,1861001.202148438,Oz
7336077661,SPECIAL EXPORT DARK,.60909927,41314.2618188858,24354.3792386055,14666563.25488281,Oz
7336077663,SPECIAL EXPORT DARK,.63655657,36827.75358867645,22921.24925231934,13073852.84960938,Oz
7336088301,CARLINGS BLK LABEL L,.37470788,47.98404312133789,17.97999954223633,17034.3359375,Oz
7336088751,CARLINGS BLK LABEL L,.42625278,89.97008085250854,38.04999852180481,31939.3798828125,Oz
7336091405,WEINHARDS BOAR'S HEA,.74684691,37343.58245992661,26825.86910152435,13256971.97949219,Oz
7336097102,OLD STYLE LT BONUS P,.39928499,37507.52897262573,14975.22045230865,13315172.71777344,Oz
7336097104,OLD STYLE LIGHT 30 P,.35922977,782589.7882156372,259465.2430267334,277819372.3261719,Oz
7336097202,OLD STYLE BEER N.R.B,.49334505,71580.19753932953,33016.50944423676,25410970.66210938,Oz
7336097301,OLD STYLE LT BONUS 6,.44173959,1458043.179788589,608980.9925584793,517605333.2734375,Oz
7336097305,OLD STYLE LT BONUS 6,.34783086,841040.3482437134,283114.2505455017,298569323.9023438,Oz
7336097341,OLD STYLE LIGHT BEER,.57054991,188985.1562366486,105005.8970241547,67089732.14648438,Oz
7336097343,OLD STYLE LIGHT 30 P,.37485096,951073.7677536011,336747.7614746094,337631184.2353516,Oz
7336097345,OLD STYLE LT BONUS P,.34955901,909697.5322990417,304381.1330728531,322942624.5517578,Oz
7336097347,OLD STYLE BONUS PACK,.31197351,352730.7026824951,110039.4647941589,125219399.8398438,Oz
7336097348,OLD STYLE LIGHT BEER,.5826937,47.98404312133789,27.95999908447266,17034.3359375,Oz
7336097356,OLD STYLE LIGHT PART,.34901941,179972.1516132355,60784.69954490662,63890114.39746094,Oz
7336097638,OLD STYLE LIGHT BEER,.5660215,143.9521293640137,81.47999954223633,51103.0078125,Oz
7336097661,OLD STYLE LIGHT LONG,.59983873,97269.65486907959,55527.57895278931,34530728.2734375,Oz
7336097670,OLD STYLE LIGHT BEER,.70523441,18.66046142578125,13.15999984741211,6624.4638671875,Oz
7336097751,OLD STYLE LIGHT BEER,.6071921,177894.8454017639,102556.7867200375,63152671.21972656,Oz
7336097754,OLD STYLE LIGHT BEER,.52352327,52470.55147218704,25313.27965474129,18627045.87280273,Oz
7336098621,CHAMPALE PINK N.R.BT,.92280674,19.99335169792175,18.45000028610229,7097.639770507813,Oz
7336098671,CHAMPALE EXTRA DRY N,.92280674,11.99601101875305,11.07000017166138,4258.583862304688,Oz
7336098678,CHAMPALE GOLDEN N R,.92280674,35.98803305625916,33.21000051498413,12775.75158691406,Oz
7454900020,CARTA BLANCA BEER N.,1.0375671,41.98603773117065,43.62999868392944,14905.0439453125,Oz
7527608060,MOUSSY NON-ALCOHOLIC,.97816658,1753.916793823242,1712.310062408447,622640.4526367188,Oz
7642091111,PYRAMID BEST BROWN A,1.3017963,77.97407007217407,100.8699970245361,27680.7958984375,Oz
7642091112,PYRAMID PALE ALE,1.318216,71.97606468200684,94.87999725341797,25551.50390625,Oz
7642091117,PYRAMID HEFEWEIZEN,1.3321095,173.9421577453613,231.7099933624268,61749.4677734375,Oz
7642091119,PYRAMID APRICOT ALE,1.3321095,149.9501347541809,199.7499942779541,53232.2998046875,Oz
7774047999,~SANTA CLAUSS XMAS B,1.6092622,60.47988796234131,83.63999938964844,21470.36047363281,Oz
7794202535,WOODPECKER CIDER,1.1653874,203.932183265686,237.6599922180176,72395.927734375,Oz
8066094433,ST PAULI GIRL BIG BT,1.2137595,1680.641169071198,2038.619935035706,596627.615234375,Oz
8066095301,PACIFICO N.R. BOTTLE,1.0823206,1895.369716644287,2035.119913101196,672856.26953125,Oz
8066095401,CORONITA N.R. BOTTLE,1.5444542,314.8953096866608,484.6000256538391,111787.8341064453,Oz
8066095603,CORONA BIG BTL.,1.18374,7160.452530741692,8488.079945325851,2541960.645080566,Oz
8066095605,CORONA EXTRA BEER NR,.96648461,1108713.337898731,1028249.26061964,393593238.0722656,Oz
8066095615,CORONA EXTRA BEER NR,.94778055,466980.720662117,421568.9275436401,165778157.7890625,Oz
8066095625,CORONA EXTRA LIGHT N,.95597613,168639.9224133492,156235.1378998756,59867173.7578125,Oz
8066095755,MODELO ESPECIAL,.98950469,6471.847913742065,6268.209783554077,2297506.057617188,Oz
8066095765,MODELO ESPECIAL,.99866527,371.8763437271118,371.3799953460693,132016.103515625,Oz
8066095785,MODELO NEGRA N.R.BOT,.96659184,21472.8597650528,20376.6795129776,7622865.352539063,Oz
8066095855,PERONI BEER,1.3269225,2189.271973609924,2907.549926757813,777191.5771484375,Oz
8066095935,ST PAULI GIRL BEER N,1.0071677,205143.7850599289,192835.0394234657,72826044.84765625,Oz
8066095937,ST PAULI GIRL LAGER,.94357115,34440.54765319824,31394.27922534943,12226394.66015625,Oz
8066095945,ST PAULI GIRL DK BEE,.96566218,13111.63993597031,12150.73969101906,4654632.296875,Oz
8087201512,WEINHARDS PALE ALE W,.73339283,6849.722273349762,4878.829794883728,2431651.459960938,Oz
8178012111,NAKED ASPEN RASP WHE,1.1653874,401.8663630485535,468.329984664917,142662.5634765625,Oz
8178012121,NAKED ASPEN PALE ALE,1.1653874,221.9261999130249,258.6299915313721,78783.8037109375,Oz
8178012141,NAKED ASPEN HONEY WH,1.1653874,287.9042587280273,335.5199890136719,102206.015625,Oz
8178051239,COLD SPRING PALE ALE,.89481723,1085.638981819153,959.6899693012238,385401.8505859375,Oz
8178052250,COLD SPRINGS RIVER R,.90404749,1259.581140518188,1134.399961471558,447151.318359375,Oz
8205410441,WARSTEINER GERMAN BE,.94067502,161.9461460113525,153.7299938201904,57490.8837890625,Oz
8205410444,WARSTEINER GERMAN BE,.93461168,104335.3061523438,95155.05851840973,37039034.27734375,Oz
8205410665,WARSTEINER LIGHT (GE,.90084571,3352.885037899017,2965.369909286499,1190274.224609375,Oz
8205430441,WARSTEINER GERMAN BE,1.2139226,3964.54835319519,4794.049843668938,1407414.683105469,Oz
8205480441,WARSTEINER,.86779469,22072.66015529633,18352.44972896576,7835794.529296875,Oz
8239300039,DIXIE BLACKENED VOOD,1.1653874,353.8823204040527,412.4099884033203,125628.2275390625,Oz
8248800009,BECKS REGULAR BEER,1.0895649,85557.95113551617,91658.49024856091,30373072.64306641,Oz
8248812300,BECK'S REG BEER NR B,.95763379,506363.6260433197,461657.7340087891,179759088.890625,Oz
8248812345,BECK'S REG BEER NR B,.97683167,1383368.013250828,1261322.175955296,491095647.3515625,Oz
8248812356,BECK'S DARK BEER NR',.96377647,353594.421236515,325117.8748044968,125526021.7529297,Oz
8248812400,BECKS DARK,1.0588136,4810.400419235229,4748.990028381348,1707692.1875,Oz
8248812500,BECK'S LIGHT NR BTLS,.89697486,3790.73944234848,3365.57994222641,1345712.541015625,Oz
8248812650,BECK'S DARK BEER BAM,1.1206607,12618.55468976498,13875.09008657932,4479586.922302246,Oz
8248812700,HAACK-BECK NON-ALCHL,1.067212,56291.28127193451,59345.99830913544,19983405.36523438,Oz
8248812830,BECK'S LIGHT NR BTLS,.94228923,152019.4493603706,137658.907160759,53966905.62207031,Oz
8248812910,BECK'S OKTOBERFEST B,1.0311761,34248.61155509949,33554.21960258484,12158257.26855469,Oz
8248812920,BECK'S OKTOBERFEST B,1.1653874,29.99002695083618,34.94999885559082,10646.4599609375,Oz
8328000001,GUINESS STOUT,1.3644356,9797.333769440651,13069.89981913567,3478053.538726807,Oz
8332600020,YOUNGS SPECIAL LONDO,1.6655536,71.97606468200684,119.8799858093262,25551.50390625,Oz
8370601415,DUVEL BELGIUM SPECIA,1.5821925,47.98404312133789,75.91999816894531,17034.3359375,Oz
8374100005,GROLSCH BEER N.R.BTL,1.0603524,52614.50393342972,54940.40934896469,18678149.36328125,Oz
8374100007,GROLSCH SWING TOP BE,1.4132688,9538.161761522293,13010.66973900795,3386047.390197754,Oz
8378337521,SIERRA NEVADA PALE A,1.060405,80793.13452959061,84256.30833625793,28681563.1640625,Oz
8378347521,SIERRA NEVADA PORTER,1.0492393,6507.835880756378,6769.629755973816,2310281.810546875,Oz
8378357521,SIERRA NEVADA STOUT,1.0485287,7029.662357807159,7319.419743537903,2495530.21484375,Oz
8380404468,SANTE WHITE NON ALCO,2.1686966,1753.521181106567,3796.380027294159,622500,ML
8380404469,SANTE SPRKLNG NON AL,3.0252678,1609.859198093414,4847.580122470856,571500,ML
8380404545,SANTE BLUSH NON ALCO,2.1728549,2214.084573745728,4820.400026321411,786000,ML
8382007131,BASS ALE NR BTLS,1.1785576,254303.4378228188,290537.1668230295,90277722.03125,Oz
8382007331,BASS ALE KING SIZE B,1.3754396,24430.20856595039,31925.03943359852,8672724.21875,Oz
8382007531,BASS ALE NR BTL,1.1224102,5434.192960739136,5985.429988861084,1929138.544921875,Oz
8382008131,COUNTRY CHASE ALE,1.2487484,893.7028117179871,1116.00997543335,317264.5078125,Oz
8382012360,GUINNESS PUB DRAUGHT,1.2087753,84271.98024845123,100472.6004900932,29916552.79125977,Oz
8382012393,GUINNESS STOUT N.R.B,1.2674755,264560.0273404121,323556.0732126236,93918811.28320313,Oz
8382012455,GUINESS STOUT,1.5269698,17850.3226017952,26000.13930940628,6336864.60949707,Oz
8382023471,HARP IRISH LAGER BTL,1.3701297,7168.849454522133,9617.169605493546,2544941.603668213,Oz
8382023473,HARP LAGER NR BTLS,1.1211511,154856.5062961578,167119.4160919189,54974060.74023438,Oz
8382056793,RED STRIPE N.R. BTLS,1.1336124,30349.90771245956,33740.91948032379,10774217.48632813,Oz
8382072553,KALIBER NON-ALCH NR,.81866068,106746.5038876534,86179.31895303726,37895009.65917969,Oz
8417323130,BERGHOFF RED BEER,.76210505,33858.74114513397,23968.84942007065,12019853.30566406,Oz
8417324130,AUGSBURGER REG BEER,.6127066,75286.96593666077,44153.86890625954,26726873.17578125,Oz
8417324132,BERGHOFF OCTOBERFEST,.7614032,4240.589906215668,3198.429904937744,1505409.444335938,Oz
8417325130,AUGSBURGER DARK BEER,.60277337,28634.47832536697,16397.0595946312,10165239.99609375,Oz
8417327130,AUGSBURGER LIGHT BEE,.58951002,19541.50187921524,10956.71974730492,6937233.3203125,Oz
8417330130,BERGHOFF REGULAR BEE,.65708512,596453.6710443497,354465.3472232819,211741054.8115234,Oz
8417331130,BERGHOFF DARK BEER N,.65442181,275764.3027296066,165660.4377844334,97896328.83105469,Oz
8417332130,BERGHOFF BOCK BEER N,.72966951,16650.46320819855,11997.89969587326,5910914.583984375,Oz
8500000168,HORNSBY'S DRAFT CIDE,1.0711002,72030.04795694351,76597.98791503906,25570667.5703125,Oz
8500000320,HORNSBYS DARK N DRY,1.0702751,26661.13426542282,28371.03915786743,9464702.911132813,Oz
8520000100,SUTTER HOME FRE' WHT,2.1576636,33593.66248321533,70654.77865791321,11925750,ML
8520000101,SUTTER HOME FRE' CHA,2.3280649,25761.97223997116,59045.69902563095,9145500,ML
8520000104,SUTTER HOME RED FRE,2.3853042,2666.197236537933,6174.220059633255,946500,ML
8520000105,SUTTER HOME FRE' SPR,2.4400091,8514.084642410278,20492.60968589783,3022500,ML
8549800005,PETE'S WICKED ALE,1.1021955,7484.844664096832,8024.42993247509,2657119.858154297,Oz
8549811113,PETES WICKED STRAW B,.99041337,7743.425040245056,7659.389730453491,2748915.962890625,Oz
8549812345,PETE'S HOLIDAY SAMPL,1.156556,2615.130394935608,3022.820024490356,928371.3125,Oz
8549822223,PETES WICKED MULTI G,.98664206,941.6868529319763,929.9299659729004,334298.8427734375,Oz
8549833332,PETES WICKED PALE AL,.99103928,4240.589853286743,4198.399855613708,1505409.439453125,Oz
8549844442,PETES WICKED OKTOBER,.99379778,11126.30020904541,10870.97966766357,3949836.638671875,Oz
8549845670,PETE'S SEASONAL BREW,.8942647,40708.46368980408,35430.92986106873,14451504.7890625,Oz
8549855552,PETES WICKED MAPLE P,.99211317,3364.8810505867,3334.869876861572,1194532.807617188,Oz
8549866662,PETE'S SEASONAL BREW,.94339454,7545.490915298462,7016.619802951813,2678649.329101563,Oz
8549873401,PETE'S WICKED HONEY,.91630536,28976.36451911926,26033.56946134567,10286609.62988281,Oz
8549873736,PETE'S WICKED LAGER,.91140872,8415.201698303223,7538.169832706451,2987396.670898438,Oz
8549873837,PETE'S WICKED ALE,.9131602,106488.5899891853,94890.41867697239,37803450.11132813,Oz
8549873942,PETE'S WICKED SEASON,.95002872,37529.52057027817,35341.79921770096,13322980.04199219,Oz
8549874011,PETE'S WICKED RED,.91160613,26481.19412994385,23803.86939477921,9400824.147460938,Oz
8572501501,SAMUEL SMITH PALE AL,1.9989978,5.998005390167236,11.98999977111816,2129.2919921875,Oz
8572501503,SAMUEL SMITH NUT BRO,1.6655536,29.99002695083618,49.94999408721924,10646.4599609375,Oz
8572511509,SAM SMITH OATMEAL ST,1.3862941,53.98204946517944,44.70999813079834,19163.6279296875,Oz
8590200015,DOS EQUIS BEER,.93197644,11.99601078033447,11.17999935150146,4258.583984375,Oz
8739699916,BLACK DOG ALE,.91512364,6279.911720752716,5642.519862174988,2229368.717773438,Oz
8739699922,BLACK DOG PALE ALE,1.1259357,775.2422369718552,870.3699946403503,275210.9946899414,Oz
8739699938,BLACK DOG HONEY RASP,.92886299,1979.341798782349,1828.199942588806,702666.3583984375,Oz
8769210012,SAMUEL ADAMS LAGER N,.90183264,1301135.358149052,1134981.937548161,461903054.3242188,Oz
8769210014,SAMUEL ADAMS LAGERNR,.90981311,318014.2543029785,274388.7309627533,112895061.5703125,Oz
8769210508,SAMUEL ADAMS WINTER,1.1779872,14363.22360181808,16609.02002000809,5098944.418212891,Oz
8769211216,SAMUEL ADAMS LAGER K,1.119832,13196.81189501286,14218.44971752167,4684868.236328125,Oz
8769220012,SAM ADAMS LIGHTSHIP,.94443387,6225.929662227631,5815.59982585907,2210205.088867188,Oz
8769226102,SAMUEL ADAMS SCOTCH,.92984384,55415.57274866104,50395.96897983551,19672528.74414063,Oz
8769227102,SAM ADAMS CHERRY WHE,1.0777507,33426.88478136063,35865.18038654327,11866544.29003906,Oz
8769227200,SAM ADAMS CHERRY WHE,1.2466872,335.3884855508804,417.2099990844727,119062.9118041992,Oz
8769228102,SAM ADAMS OLD FEZZIW,1.1064789,7893.37527513504,8581.900072097778,2802148.265625,Oz
8769228400,SAMUEL ADAMS OLD FEZ,1.0673949,758.0812895298004,806.4600324630737,269118.8604736328,Oz
8769229103,SAM ADAMS WINTER CLA,.99832892,9548.82480430603,9538.040079116821,3389832.8515625,Oz
8769230030,SAMUEL ADAMS BOSTON,.91492712,200663.2754878998,177522.8183426857,71235463.79785156,Oz
8769230040,SAMUEL ADAMS OCTOBER,1.0059968,165592.9373278618,161234.6490273476,58785493.52636719,Oz
8769230060,SAMUEL ADAMS LAGER N,.83194321,107.9640970230103,89.81999588012695,38327.255859375,Oz
8769231022,SAMUEL ADAMS SEASONA,.90973419,342.719383597374,311.2500038146973,121665.3806762695,Oz
8769232022,SAMUEL ADAMS BOSTON,1.0792958,1733.756868124008,1795.829995512962,615483.6885986328,Oz
8769239102,SAMUEL ADAMS GOLDEN,.93320614,103447.601583004,93876.59865188599,36723899.05859375,Oz
8769240020,SAMUEL ADAMS CREAM S,.9381094,65696.15413045883,60355.09867763519,23322135.203125,Oz
8769240501,SAMUEL ADAMS HONEY P,.90247822,146495.2871332169,129079.4584589005,52005827.79101563,Oz
8769241022,SAMUEL ADAMS CREAM S,1.0917901,2455.850114941597,2614.149982690811,871826.7899780273,Oz
8769241102,SAMUEL ADAMS SEASONA,1.1534389,713.7626547813416,824.7799797058105,253385.7470703125,Oz
8769241103,SAMUEL ADAMS SEASONA,.9994989,23.99202156066895,23.97999954223633,8517.16796875,Oz
8769241522,SAMUEL ADAMS HONEY P,1.0903658,3375.877543449402,3602.419972896576,1198436.527832031,Oz
8769250040,SAMUEL ADAMS SEASONA,1.0802661,18095.98261880875,18820.89977359772,6424073.958984375,Oz
8769251216,SAMUEL ADAMS CRNBRY,1.1011013,665.7786335945129,730.020011305809,236351.412109375,Oz
8769280102,HARD CORE APPLE CRAN,1.1653874,11.99601078033447,13.97999954223633,4258.583984375,Oz
8769281102,HARD CORE CRISP HARD,1.1653874,35.98803281784058,41.93999862670898,12775.751953125,Oz
8769290102,LONGSHOT AMERICAN PA,1.044073,4456.518036365509,4649.029891967773,1582063.950195313,Oz
8769291100,LONGSHOT BLACK LAGER,1.0820264,41.98603820800781,45.43000030517578,14905.0439453125,Oz
8769291102,LONGSHOT BLACK LAGER,1.0434725,2987.006703853607,3109.479917526245,1060387.412109375,Oz
8769292100,LONGSHOT HAZELNUT BR,1.0627892,89.97008085250854,95.84999656677246,31939.3798828125,Oz
8769292102,LONGSHOT HAZELNUT BR,1.0443054,6075.979511260986,6328.369850158691,2156972.788085938,Oz
8780000004,COORS CAN,.46664813,6392.874386787415,2897.329993724823,2269470.404541016,Oz
8780000005,COORS LIGHT,.47143734,8482.179696559906,3922.389987468719,3011173.78894043,Oz
8797501350,SAPPORO DRAFT BEER N,.94877839,17508.17793798447,16409.09953451157,6215403.328125,Oz
8797502650,SAPPORO DRAFT BEER C,1.0945138,40343.75257647038,42947.74936318398,14322032.16326904,Oz
8797511350,SAPPORO DRY BEER NR,.93197644,1445.519303321838,1347.189932823181,513159.3701171875,Oz
8813040389,LITTLE KINGS CRM ALE,.77368659,37409.5593547821,28303.78904676437,13280393.796875,Oz
8813041888,LITTLE KINGS CREAM A,.41713867,63.31227684020996,26.40999937057495,22475.85888671875,Oz
8834510002,MCEWANS SCOTCH ALE N,1.2413931,1877.375699996948,2324.36993598938,666468.3935546875,Oz
8834510005,NEWCASTLE BROWN ALE,1.2308297,12481.84945440292,15233.7897901535,4431056.642578125,Oz
8834510050,MCEWANS SCOTCH ALE N,1.3321095,5.998005390167236,7.989999771118164,2129.2919921875,Oz
8839400002,SPATEN PREMIUM LAGER,1.1653874,1835.389671802521,2138.939952850342,651563.3505859375,Oz
8839400004,SPATEN SPECIAL DARK,1.1653874,1055.648953914642,1230.239959716797,374755.390625,Oz
8839400006,SPATEN OKTOBERFEST,.99866527,653.7825994491577,652.9099712371826,232092.826171875,Oz
8839400017,FRANZISKANER HEFE-WE,1.2316881,13142.42145860195,16234.49011647701,4665559.667816162,Oz
8873320622,POINT BOCK BEER,.70356721,131.9561195373535,91.37999534606934,46844.423828125,Oz
8873320641,POINT BEER LNNR BTLS,.68662328,91853.45630645752,60642.31896543503,32607977.6484375,Oz
8873320648,POINT PALE ALE,.72484159,1127.625028610229,803.1099615097046,400306.89453125,Oz
8885700060,SUNTORY DRY BEER NR,.91530424,125.958113193512,115.2899951934814,44715.1318359375,Oz
8912181002,ARIEL WHITE NON ALCH,2.3535962,1170.422560214996,2764.760059833527,415500,ML
8912183002,$ARIEL NA CHARDONNAY,3.4988217,1690.140901565552,5907.500162124634,600000,ML
8912184002,$ARIEL NA WHITE ZINF,2.9242632,4472.535329818726,13050.73034954071,1587750,ML
8912185002,ARIEL CABERNET SAUVI,3.5877209,5575.352259159088,19973.65039300919,1979250,ML
8920000826,TECATE BEER,.96532089,299.9002723693848,289.5000019073486,106464.599609375,Oz
8928600008,TECATE BEER,.96532089,11.99601078033447,11.57999992370605,4258.583984375,Oz
8952341503,COOPERS STOUT,1.1086675,809.7307314872742,888.1499710083008,287454.4189453125,Oz
8954019937,DOUBLE DIAMOND BEER,1.2487484,1463.513318061829,1827.559946060181,519547.24609375,Oz
8954031104,ST PAULI GIRL BEER N,1.0411317,39041.0176153183,39080.50958967209,13859561.57910156,Oz
8954031108,ST PAULI GIRL DK BEE,1.0171263,7485.510768890381,7376.88982629776,2657356.405273438,Oz
8982600009,TECATE BEER CANS,.91460568,37115.65813159943,31426.40917491913,13176058.86523438,Oz
8982600041,TECATE BEER,.96397787,1025.658928394318,987.4800043106079,364108.9306640625,Oz
8982600200,CARTA BLANCA BEER N.,1.0295397,179.9401617050171,185.3999962806702,63878.759765625,Oz
8982600600,WATNEY'S RED,1.2920167,1751.417588233948,2202.57993888855,621753.263671875,Oz
8982650001,TECATE N.R. BTLS,.88607085,45069.01317691803,38350.97907543182,15999500.05273438,Oz
8982660001,CARTA BLANCA N.R. BT,.99374944,4624.462203979492,4472.469861984253,1641684.125976563,Oz
8982670001,BOHEMIA N.R. BOTTLES,1.0390027,6783.744154930115,6913.189846992493,2408229.241210938,Oz
8982690002,TECATE / 4 WRAPPED 6,.59781075,10340.56152915955,5915.919986724854,3670899.39453125,Oz
8982690027,TECATE LIGHT N.R. BT,.80867964,695.7686285972595,556.8399791717529,246997.87109375,Oz
8982690090,TECATE LIGHT CANS,.92479092,419.860378742218,377.2799870967865,149050.439453125,Oz
9067200001,BEER OF AMERICA SAMP,1.6495483,69.97673511505127,112.9300098419189,24841.74047851563,Oz
9200000013,OLD MILWAUKEE ICE,.39846578,23.99202156066895,9.559999465942383,8517.16796875,Oz
9200000206,OLD MILWAUKEE ICE,.3727532,2207.266000747681,796.519983291626,783579.453125,Oz
9200000207,RED RIVER LAGER,.83194321,161.9461455345154,134.7299938201904,57490.8837890625,Oz
9530113001,ROGUE ALE,1.4988315,17.99401617050171,26.96999931335449,6387.8759765625,Oz
9530113008,ROGUE ALE,1.4988315,41.98603773117065,62.92999839782715,14905.0439453125,Oz
9530113017,ROGUE DEAD GUY ALE,2.4499052,60.47989118099213,148.1699924468994,21470.36114501953,Oz
9530113027,ROGUE HAZELNUT BROWN,2.4499052,20.15996372699738,49.3899974822998,7156.787048339844,Oz
9530113100,ROGUE AMERICAN AMBER,.99866527,65.9780592918396,65.8899974822998,23422.2119140625,Oz
9530113103,ROGUE OREGON ALE,.99866527,29.99002695083618,29.94999885559082,10646.4599609375,Oz
9651312352,DUSSELDORFER PALE AL,1.1653874,65.9780592918396,76.8899974822998,23422.2119140625,Oz
9651312353,DUSSELDORFER AMBER A,1.1653874,119.9601078033447,139.7999954223633,42585.83984375,Oz
9651312357,DUSSELDORFER DARK AL,1.1653874,41.98603773117065,48.92999839782715,14905.0439453125,Oz
9709631767,OREGON BREWERY INDIA,.83194321,17.99401617050171,14.96999931335449,6387.8759765625,Oz
9781611110,CHICAGO'S LEGACY LAG,.93197644,11.99601078033447,11.17999935150146,4258.583984375,Oz
9781611111,LEGACY LAGER BEER,.9164272,14539.16533231735,13107.88974761963,5161403.79296875,Oz
9781622222,LEGACY RED ALE,1.0820264,137.9541258811951,149.269998550415,48973.7158203125,Oz
9781644444,BIG SHOULDERS BEER,1.0820264,143.9521293640137,155.7599945068359,51103.0078125,Oz
9893110006,BADERBRAU BEER NR BT,.95738101,189213.0822987556,172548.8594036102,67170645.26660156,Oz
9893110007,BADERBRAU BOCK,.96684515,11702.1086602211,11015.3297867775,4154248.681640625,Oz
9893110017,BADERBRAU BOCK,.97365701,11.99601078033447,11.67999982833862,4258.583984375,Oz
60260010000,LEZAJSK LAGER BEER,1.0693729,10127.03293228149,10822.81027650833,3595096.658081055,Oz
60272500010,MURPHYS IRSH DRAUGHT,1.4134876,902.4415723085403,1275.589917778969,320366.7641906738,Oz
60272500017,MURPHYS IRSH AMBER (,1.0781264,3700.769358634949,3983.829946517944,1313773.159179688,Oz
71960700003,RHINO CHASERS LAGER,.94702876,1217.595102310181,1139.449962615967,432246.2744140625,Oz
71960700004,RHINO CHASERS LAGER,.95698476,101.966091632843,97.32999610900879,36197.9638671875,Oz
71960700011,RHINO CHASERS AMERIC,.99866527,17.99401617050171,17.96999931335449,6387.8759765625,Oz
71969380011,BEERS OF THE WORLD G,1.26148,5358.218152046204,6706.300235748291,1902167.459472656,Oz
71975120103,MORETTI N.R. BTLS,1.1544546,15774.75438404083,17104.99972629547,5600037.9453125,Oz
73321001102,DEVIL MOUNTAIN FIVE,.93339729,4156.617807388306,3806.559935569763,1475599.3515625,Oz
73321002102,DEVIL MTN RAILROAD G,.93543291,2885.04062795639,2642.68994140625,1024189.448242188,Oz
73321003102,DEVIL MOUNTAIN BLK H,.93652344,2585.140344619751,2391.689931869507,917724.8486328125,Oz
73588811206,CELIS WHITE ALE,1.18819,7317.566611766815,8699.969726085663,2597736.23046875,Oz
73588821206,CELIS PALE BOCK,1.1898466,1139.621026515961,1356.599956512451,404565.478515625,Oz
73588841206,CELIS GRAND CRU ALE,1.1922992,1853.383668899536,2209.909931182861,657951.2255859375,Oz
73588851206,CELIS RASPBERRY,1.1954107,4990.34050655365,5973.659814834595,1771570.9375,Oz
73692011111,GOOSE ISLAND HONKERS,.92928112,174847.8606324196,158359.6391415596,62070991.11621094,Oz
73692011115,GOOSE ISLAND KILGUBB,.95340389,21898.71812486649,20638.86966705322,7774045.078125,Oz
73692011118,GOOSE ISLAND SEASONA,.90986913,36785.76804590225,32188.34984970093,13058947.80957031,Oz
73692011121,GOOSE ISLAND HEXNUT,.99500453,27572.83131361008,27344.38918399811,9788355.3046875,Oz
73692011122,GOOSE ISLAND SEASONA,.97470218,23068.32938480377,22523.42973423004,8189257.013671875,Oz
73692011125,GOOSE ISLAND BLONDE,.99837333,3352.885059356689,3343.849889755249,1190274.225585938,Oz
74305820299,STATE STREET AMBER A,.91368461,79581.53715229034,71253.89913272858,28251446.21289063,Oz
74305821299,STATE STREET MIDNIGH,.89339137,22204.61623239517,19515.41956710815,7882638.958007813,Oz
74305822299,STATE STREET SPEAKEA,.8968364,29732.11317968369,26168.64948272705,10554900.42089844,Oz
75089900001,DORTMUNDER BEER,1.2487484,5.998005390167236,7.489999771118164,2129.2919921875,Oz
75889620100,KOZEL PREMIUM CZECH,1.3896127,4592.456211686134,6356.799715876579,1630321.978668213,Oz
76227405870,MURPHY'S IRISH STOUT,1.1828247,2780.408833026886,3176.900014400482,987045.1162109375,Oz
76810940359,TENNENTS LAGER,1.3058352,4105.634853839874,5241.32978105545,1457500.365600586,Oz
78036971960,SHIPYARD EXPORT ALE,1.199234,3238.922922134399,3897.099883079529,1149817.676757813,Oz
78036991902,SHIPYARD GOAT ISLAND,1.1961516,569.8105125427246,682.0499782562256,202282.7392578125,Oz
78036991904,SHIPYARD BLUE FIN ST,1.1974926,1001.666900634766,1200.829961776733,355591.7626953125,Oz
78036991907,SHIPYARD GOAT ISLAND,1.2116991,431.8563885688782,524.2799835205078,153309.0234375,Oz
78036991993,SHIPYARD OLD THUMPER,1.2125045,2735.090465545654,3314.439895629883,970957.1484375,Oz
78146821155,BLUE RIDGE-WHEAT,1.1468627,125.958113193512,144.7899951934814,44715.1318359375,Oz
78146839357,BLUE RIDGE AMBER LAG,1.1495091,131.9561185836792,151.7799949645996,46844.423828125,Oz
78146840193,BLUE RIDGE GOLDEN AL,1.1601774,233.9222102165222,271.6099910736084,83042.3876953125,Oz
79067200001,BEER OF AMERICA SAMP,1.4956673,10796.41017341614,15382.20018100739,3832725.607910156,Oz
79709631767,OREGON BREWERY INDIA,.89629781,49801.4397354126,43611.35936737061,17679511.46679688,Oz
79709633767,OREGON HEFEWEIZEN,.99866527,485.8384418487549,485.1899833679199,172472.6513671875,Oz
79709634767,OREGON BREWERY NUTBR,.88942069,35622.15467453003,31001.02955627441,12645865.171875,Oz
79709635767,OREGON RASPBERRY WHE,.90706044,51594.84328365326,45815.16921710968,18316169.73632813,Oz
79709636767,OREGON HONEY RED ALE,.89179391,22744.43673276901,19892.87958812714,8074275.243164063,Oz
79709637102,OREGON BLACKBERRY PO,.91905046,4288.573913097382,3876.289915084839,1522443.774414063,Oz
79709638102,OREGON SUMMER GOLD,.99739367,1073.642984867096,1065.099954605103,381143.2666015625,Oz
