Fecha;Últ precio;Volumen;;;;;;
22/04/2021;125,5;2209010;;;;;;
21/04/2021;123,91;1329363;;;;;;
20/04/2021;122,22;2328494;;;;;;
19/04/2021;125,93;1451298;;;;;;
16/04/2021;128,05;1721346;;;;;;
15/04/2021;127,28;1192950;;;;;;
14/04/2021;126,52;2461364;;;;;;
13/04/2021;126,11;3377733;;;;;;
12/04/2021;125,28;2057807;;;;;;
9/04/2021;124,35;921479;;;;;;
8/04/2021;124,75;1847136;;;;;;
7/04/2021;124,52;1803966;;;;;;
6/04/2021;126,66;1719487;;;;;;
5/04/2021;125,4;2261167;;;;;;
1/04/2021;121,65;1697147;;;;;;
31/03/2021;120,92;2031612;;;;;;
30/03/2021;122,06;2548865;;;;;;
29/03/2021;119,05;2135381;;;;;;
26/03/2021;121,12;2149840;;;;;;
25/03/2021;120,4;2680808;;;;;;
24/03/2021;118,5;2034971;;;;;;
23/03/2021;118,9;2659110;;;;;;
22/03/2021;122,92;2031162;;;;;;
19/03/2021;124,39;2810774;;;;;;
18/03/2021;125,64;2598720;;;;;;
17/03/2021;127,14;3831734;;;;;;
16/03/2021;123,96;1819391;;;;;;
15/03/2021;127,26;1774269;;;;;;
12/03/2021;126,1;1588796;;;;;;
11/03/2021;124,66;1711218;;;;;;
10/03/2021;124,51;1846727;;;;;;
9/03/2021;124,12;2560482;;;;;;
8/03/2021;125,41;2573364;;;;;;
5/03/2021;122,87;3696565;;;;;;
4/03/2021;120,72;3555491;;;;;;
3/03/2021;123,13;2108262;;;;;;
2/03/2021;124,25;3325616;;;;;;
1/03/2021;123,76;2614949;;;;;;
26/02/2021;123,68;3615542;;;;;;
25/02/2021;122,98;5263146;;;;;;
24/02/2021;127,26;4486156;;;;;;
23/02/2021;121,95;3703348;;;;;;
22/02/2021;119,96;4374221;;;;;;
19/02/2021;116,91;3463255;;;;;;
18/02/2021;114,12;2696154;;;;;;
17/02/2021;111,43;3816245;;;;;;
16/02/2021;113,61;2927797;;;;;;
12/02/2021;112,14;2128262;;;;;;
11/02/2021;109,5;1792234;;;;;;
10/02/2021;109,34;2750655;;;;;;
9/02/2021;110,35;1590547;;;;;;
8/02/2021;112,32;2061148;;;;;;
5/02/2021;111,67;2280088;;;;;;
4/02/2021;110,52;2091619;;;;;;
3/02/2021;106,6;2373621;;;;;;
2/02/2021;105,79;2556287;;;;;;
1/02/2021;101,92;2861107;;;;;;
29/01/2021;101,39;4844118;;;;;;
28/01/2021;104;6544179;;;;;;
27/01/2021;98,67;4592584;;;;;;
26/01/2021;104,67;2800946;;;;;;
25/01/2021;105,12;5310212;;;;;;
22/01/2021;104,96;2894067;;;;;;
21/01/2021;108,82;1799707;;;;;;
20/01/2021;107,7;2771536;;;;;;
19/01/2021;107,93;1839560;;;;;;
15/01/2021;108,41;2169431;;;;;;
14/01/2021;112,11;2360580;;;;;;
13/01/2021;111,87;2041840;;;;;;
12/01/2021;112,33;1811628;;;;;;
11/01/2021;113,18;1527641;;;;;;
8/01/2021;114,16;4065115;;;;;;
7/01/2021;113,29;2640415;;;;;;
6/01/2021;110,77;1868172;;;;;;
5/01/2021;107,95;2564180;;;;;;
4/01/2021;107,46;2759313;;;;;;
31/12/2020;111,26;1571502;;;;;;
30/12/2020;110,18;1405157;;;;;;
29/12/2020;107,95;1428001;;;;;;
28/12/2020;107,38;1575159;;;;;;
24/12/2020;106,89;822378;;;;;;
23/12/2020;106,51;2196356;;;;;;
22/12/2020;102,95;2393209;;;;;;
21/12/2020;103,99;3331310;;;;;;
18/12/2020;104,61;5231831;;;;;;
17/12/2020;104,7;2410709;;;;;;
16/12/2020;104,41;1956111;;;;;;
15/12/2020;104,97;1923449;;;;;;
14/12/2020;103,04;2034861;;;;;;
11/12/2020;104,74;2302741;;;;;;
10/12/2020;107,36;2360118;;;;;;
9/12/2020;106,7;2165248;;;;;;
8/12/2020;109,05;1838455;;;;;;
7/12/2020;109,83;1622628;;;;;;
4/12/2020;110,85;1261749;;;;;;
3/12/2020;109,16;3119179;;;;;;
2/12/2020;106,75;2069214;;;;;;
1/12/2020;104,84;1946709;;;;;;
30/11/2020;103,63;2952870;;;;;;
27/11/2020;104,41;1008660;;;;;;
25/11/2020;106,3;1847299;;;;;;
24/11/2020;108,94;2827058;;;;;;
23/11/2020;105,05;3428477;;;;;;
20/11/2020;101,76;2302673;;;;;;
19/11/2020;102,8;3283998;;;;;;
18/11/2020;103,35;1901575;;;;;;
17/11/2020;103,34;2732885;;;;;;
16/11/2020;106,58;4475358;;;;;;
13/11/2020;105,8;2638559;;;;;;
12/11/2020;102,05;2702734;;;;;;
11/11/2020;103,75;3696095;;;;;;
10/11/2020;104,24;4420093;;;;;;
9/11/2020;104,19;9584600;;;;;;
6/11/2020;92,84;2859004;;;;;;
5/11/2020;94,08;2397699;;;;;;
4/11/2020;93,09;2985196;;;;;;
3/11/2020;90,65;3040828;;;;;;
2/11/2020;88;2352787;;;;;;
30/10/2020;87,81;2335951;;;;;;
29/10/2020;86,51;2546324;;;;;;
28/10/2020;84,02;2279512;;;;;;
27/10/2020;87,67;1667037;;;;;;
26/10/2020;90,38;2002762;;;;;;
23/10/2020;94,61;2407436;;;;;;
22/10/2020;94,39;4378409;;;;;;
21/10/2020;88,97;3418865;;;;;;
20/10/2020;89,57;2279248;;;;;;
19/10/2020;87,55;1557488;;;;;;
16/10/2020;89,5;1901759;;;;;;
15/10/2020;88,68;1330769;;;;;;
14/10/2020;88,3;2241190;;;;;;
13/10/2020;88,64;2085756;;;;;;
12/10/2020;91,35;1411670;;;;;;
9/10/2020;91,37;1654826;;;;;;
8/10/2020;92,54;2202457;;;;;;
7/10/2020;91,72;2108505;;;;;;
6/10/2020;89,6;2128009;;;;;;
5/10/2020;89,3;1342614;;;;;;
2/10/2020;87,96;1644013;;;;;;
1/10/2020;87,22;1779510;;;;;;
30/09/2020;85,32;3127471;;;;;;
29/09/2020;86,6;2977634;;;;;;
28/09/2020;89,06;2289467;;;;;;
25/09/2020;85,93;3255572;;;;;;
24/09/2020;83,07;5307051;;;;;;
23/09/2020;83,86;2540864;;;;;;
22/09/2020;85,24;3816086;;;;;;
21/09/2020;85,48;5031539;;;;;;
18/09/2020;89,64;5451496;;;;;;
17/09/2020;91,17;3427499;;;;;;
16/09/2020;94,03;3831355;;;;;;
15/09/2020;91,94;1945275;;;;;;
14/09/2020;92,31;2139296;;;;;;
11/09/2020;87,37;1974467;;;;;;
10/09/2020;89,36;1774117;;;;;;
9/09/2020;90,39;2237962;;;;;;
8/09/2020;91,9;2781571;;;;;;
4/09/2020;90,94;3776024;;;;;;
3/09/2020;91,3;2541046;;;;;;
2/09/2020;91,34;3952749;;;;;;
1/09/2020;91,71;1712614;;;;;;
31/08/2020;90,36;3461786;;;;;;
28/08/2020;91,73;4251608;;;;;;
27/08/2020;88,8;3373196;;;;;;
26/08/2020;86,8;2210255;;;;;;
25/08/2020;88,44;2053319;;;;;;
24/08/2020;88,4;2468661;;;;;;
21/08/2020;87,35;2318538;;;;;;
20/08/2020;85,1;2274405;;;;;;
19/08/2020;84,49;2010743;;;;;;
18/08/2020;84,07;1806633;;;;;;
17/08/2020;84,98;2360937;;;;;;
14/08/2020;86;1899780;;;;;;
13/08/2020;85,5;1721135;;;;;;
12/08/2020;85,89;2169697;;;;;;
11/08/2020;87,02;5012172;;;;;;
10/08/2020;86,2;3588532;;;;;;
7/08/2020;83,7;3257136;;;;;;
6/08/2020;82,7;5000336;;;;;;
5/08/2020;80;3932789;;;;;;
4/08/2020;78,32;2856738;;;;;;
3/08/2020;74,74;1965751;;;;;;
31/07/2020;75,05;4115075;;;;;;
30/07/2020;76,14;2288581;;;;;;
29/07/2020;77,39;1605058;;;;;;
28/07/2020;76,67;2194787;;;;;;
27/07/2020;77,34;2389791;;;;;;
24/07/2020;77,43;1257384;;;;;;
23/07/2020;78,86;2150342;;;;;;
22/07/2020;79,62;2584135;;;;;;
21/07/2020;80,12;2087077;;;;;;
20/07/2020;78,17;2103501;;;;;;
17/07/2020;79,9;2270133;;;;;;
16/07/2020;80,89;2863460;;;;;;
15/07/2020;80,92;4597152;;;;;;
14/07/2020;73,51;2452006;;;;;;
13/07/2020;73,58;2984946;;;;;;
10/07/2020;75,24;2168551;;;;;;
9/07/2020;74,13;2809601;;;;;;
8/07/2020;75,09;3597082;;;;;;
7/07/2020;74,17;2761225;;;;;;
6/07/2020;76,24;2942722;;;;;;
2/07/2020;74,52;1766401;;;;;;
1/07/2020;74,44;3177018;;;;;;
30/06/2020;73,45;4377429;;;;;;
29/06/2020;73,92;3244033;;;;;;
26/06/2020;71,16;9989508;;;;;;
25/06/2020;72,51;3999906;;;;;;
24/06/2020;73,19;3776898;;;;;;
23/06/2020;75,68;3956916;;;;;;
22/06/2020;76,08;1949483;;;;;;
19/06/2020;76,17;4250957;;;;;;
18/06/2020;78,16;3898964;;;;;;
17/06/2020;76,42;3457760;;;;;;
16/06/2020;78,25;3104173;;;;;;
15/06/2020;77,48;3404488;;;;;;
12/06/2020;77,45;4733592;;;;;;
11/06/2020;77,59;5266458;;;;;;
10/06/2020;82,83;3943085;;;;;;
9/06/2020;86,13;3087065;;;;;;
8/06/2020;89,7;4554527;;;;;;
5/06/2020;87,2;6686190;;;;;;
4/06/2020;86,34;3502983;;;;;;
3/06/2020;86,11;3624854;;;;;;
2/06/2020;83,6;3138763;;;;;;
1/06/2020;81,91;2374555;;;;;;
29/05/2020;79,31;3923807;;;;;;
28/05/2020;80,62;3368789;;;;;;
27/05/2020;83,15;5167042;;;;;;
26/05/2020;81,69;3879864;;;;;;
22/05/2020;78,39;2822887;;;;;;
21/05/2020;77,66;4794459;;;;;;
20/05/2020;77,72;3522280;;;;;;
19/05/2020;75,29;3955045;;;;;;
18/05/2020;73,07;6424880;;;;;;
15/05/2020;68,54;2330973;;;;;;
14/05/2020;68,17;6036656;;;;;;
13/05/2020;64,85;4944508;;;;;;
12/05/2020;67;3176838;;;;;;
11/05/2020;68,3;5532585;;;;;;
8/05/2020;72,19;8489639;;;;;;
7/05/2020;71,9;4738594;;;;;;
6/05/2020;70,79;3838772;;;;;;
5/05/2020;71,74;3066899;;;;;;
4/05/2020;71,41;4295269;;;;;;
1/05/2020;72,03;3693407;;;;;;
30/04/2020;75,71;4382491;;;;;;
29/04/2020;79,28;6173969;;;;;;
28/04/2020;75,75;3003491;;;;;;
27/04/2020;75,19;2558286;;;;;;
24/04/2020;71,37;1954077;;;;;;
23/04/2020;71,94;2246470;;;;;;
22/04/2020;70,79;2710374;;;;;;
21/04/2020;71,35;3139119;;;;;;
20/04/2020;72,28;4815431;;;;;;
17/04/2020;75,62;4952843;;;;;;
16/04/2020;70,15;4771953;;;;;;
15/04/2020;69,87;5802963;;;;;;
14/04/2020;70,01;4575843;;;;;;
13/04/2020;66,64;4020738;;;;;;
9/04/2020;68,45;7537422;;;;;;
8/04/2020;70,09;8521189;;;;;;
7/04/2020;65,83;7903040;;;;;;
6/04/2020;63,8;9128501;;;;;;
3/04/2020;55,94;7232904;;;;;;
2/04/2020;57,86;7930231;;;;;;
1/04/2020;63,04;5742986;;;;;;
31/03/2020;68,24;5166682;;;;;;
30/03/2020;68,68;5064500;;;;;;
27/03/2020;69,15;5784051;;;;;;
26/03/2020;73,2;7411634;;;;;;
25/03/2020;72,25;7695495;;;;;;
24/03/2020;69,39;9956110;;;;;;
23/03/2020;63,33;11003540;;;;;;
20/03/2020;61,6;11377386;;;;;;
19/03/2020;58,03;13086301;;;;;;
18/03/2020;56,68;18610520;;;;;;
17/03/2020;64,83;10971909;;;;;;
16/03/2020;69,54;8647020;;;;;;
13/03/2020;78,63;8068543;;;;;;
12/03/2020;76,72;11501162;;;;;;
11/03/2020;81,09;9833268;;;;;;
10/03/2020;90,32;5472102;;;;;;
9/03/2020;86,18;7335652;;;;;;
6/03/2020;90,45;6450413;;;;;;
5/03/2020;91,5;9044901;;;;;;
4/03/2020;98,39;7065308;;;;;;
3/03/2020;93,33;6433266;;;;;;
2/03/2020;96,46;4791407;;;;;;
28/02/2020;97,2;6129154;;;;;;
27/02/2020;95,83;7692936;;;;;;
26/02/2020;97,9;6111147;;;;;;
25/02/2020;98,88;5490911;;;;;;
24/02/2020;104,02;4565237;;;;;;
21/02/2020;109,57;1716068;;;;;;
20/02/2020;112;1165346;;;;;;
19/02/2020;112,67;1543321;;;;;;
18/02/2020;111,93;1805053;;;;;;
14/02/2020;113,23;948921;;;;;;
13/02/2020;112,96;1396047;;;;;;
12/02/2020;113,7;1891071;;;;;;
11/02/2020;112,94;2388582;;;;;;
10/02/2020;111,37;2028555;;;;;;
7/02/2020;110,84;1371166;;;;;;
6/02/2020;112,7;1477603;;;;;;
5/02/2020;113,26;2143997;;;;;;
4/02/2020;110,94;1689492;;;;;;
3/02/2020;107,85;2097725;;;;;;
31/01/2020;107,8;3606920;;;;;;
30/01/2020;109,07;2389260;;;;;;
29/01/2020;110,01;1854209;;;;;;
28/01/2020;107,86;2062402;;;;;;
27/01/2020;104,94;4149728;;;;;;
24/01/2020;108,49;2105331;;;;;;
23/01/2020;110,96;1607108;;;;;;
22/01/2020;110,85;1716565;;;;;;
21/01/2020;110,62;4031818;;;;;;
17/01/2020;113,92;2512589;;;;;;
16/01/2020;111,6;1217149;;;;;;
15/01/2020;109,63;1316079;;;;;;
14/01/2020;109,09;1233160;;;;;;
13/01/2020;109,29;1573927;;;;;;
10/01/2020;108,6;1296291;;;;;;
9/01/2020;109,09;1596198;;;;;;
8/01/2020;109,21;2741604;;;;;;
7/01/2020;108,29;1498941;;;;;;
6/01/2020;109,42;1822112;;;;;;
3/01/2020;109,99;1854486;;;;;;
2/01/2020;111,45;2014639;;;;;;
31/12/2019;110,91;1327848;;;;;;
30/12/2019;111,37;953173;;;;;;
27/12/2019;112,39;890163;;;;;;
26/12/2019;111,94;1268259;;;;;;
24/12/2019;111,37;436657;;;;;;
23/12/2019;111,28;1495847;;;;;;
20/12/2019;111,42;3344047;;;;;;
19/12/2019;110,34;1935723;;;;;;
18/12/2019;109,25;2524254;;;;;;
17/12/2019;108,8;2109033;;;;;;
16/12/2019;108,48;2516708;;;;;;
13/12/2019;107,2;1286630;;;;;;
12/12/2019;106,52;1421762;;;;;;
11/12/2019;105,7;1453677;;;;;;
10/12/2019;104,7;1329056;;;;;;
9/12/2019;104,75;1436288;;;;;;
6/12/2019;105,47;1041069;;;;;;
5/12/2019;104,91;1096805;;;;;;
4/12/2019;104,18;1114191;;;;;;
3/12/2019;103,95;1486970;;;;;;
2/12/2019;104,75;1988138;;;;;;
29/11/2019;105;764587;;;;;;
27/11/2019;106,37;1656765;;;;;;
26/11/2019;105,32;1972100;;;;;;
25/11/2019;103,09;1821955;;;;;;
22/11/2019;101,22;2161625;;;;;;
21/11/2019;99,08;965371;;;;;;
20/11/2019;99,26;986511;;;;;;
19/11/2019;100,21;839656;;;;;;
18/11/2019;100,17;1617609;;;;;;
15/11/2019;99,69;2095950;;;;;;
14/11/2019;98,85;973568;;;;;;
13/11/2019;97,76;2314974;;;;;;
12/11/2019;98,09;856563;;;;;;
11/11/2019;98,13;876878;;;;;;
8/11/2019;99,09;941200;;;;;;
7/11/2019;98,93;1309069;;;;;;
6/11/2019;99,57;1143849;;;;;;
5/11/2019;100,15;1721859;;;;;;
4/11/2019;97,99;1335440;;;;;;
1/11/2019;96,31;1722447;;;;;;
31/10/2019;96,96;1514992;;;;;;
30/10/2019;97,32;1095366;;;;;;
29/10/2019;97,31;1078556;;;;;;
28/10/2019;97,19;1267127;;;;;;
25/10/2019;97,69;1559506;;;;;;
24/10/2019;96,91;2845878;;;;;;
23/10/2019;95,77;4070021;;;;;;
22/10/2019;90,73;2224123;;;;;;
21/10/2019;92,39;1793984;;;;;;
18/10/2019;91,15;2739465;;;;;;
17/10/2019;92,2;1862406;;;;;;
16/10/2019;92,2;1165228;;;;;;
15/10/2019;91,66;1687865;;;;;;
14/10/2019;91,53;1315495;;;;;;
11/10/2019;93,43;2763002;;;;;;
10/10/2019;91,55;2128437;;;;;;
9/10/2019;91,5;1724073;;;;;;
8/10/2019;90,7;2153530;;;;;;
7/10/2019;91;2091104;;;;;;
4/10/2019;93,35;1643536;;;;;;
3/10/2019;91,99;1863460;;;;;;
2/10/2019;90,94;2086653;;;;;;
1/10/2019;92,15;2016294;;;;;;
30/09/2019;93,11;2016441;;;;;;
27/09/2019;91,45;1359874;;;;;;
26/09/2019;92,01;1662141;;;;;;
25/09/2019;92,77;1199836;;;;;;
24/09/2019;92,22;2352705;;;;;;
23/09/2019;94,25;1598026;;;;;;
20/09/2019;95,22;3108927;;;;;;
19/09/2019;95,78;1196919;;;;;;
18/09/2019;95,35;1013470;;;;;;
17/09/2019;94,86;954903;;;;;;
16/09/2019;93,66;1896081;;;;;;
13/09/2019;96,05;1567352;;;;;;
12/09/2019;94,77;1365804;;;;;;
11/09/2019;95,18;2139924;;;;;;
10/09/2019;93,58;1880163;;;;;;
9/09/2019;92,53;1375817;;;;;;
6/09/2019;93,74;1061645;;;;;;
5/09/2019;93,47;1084768;;;;;;
4/09/2019;92,3;1003829;;;;;;
3/09/2019;91,31;1530448;;;;;;
30/08/2019;92,37;1174021;;;;;;
29/08/2019;92,54;945577;;;;;;
28/08/2019;91,91;1274169;;;;;;
27/08/2019;91,13;2376929;;;;;;
26/08/2019;91,65;1336294;;;;;;
23/08/2019;91,08;2199812;;;;;;
22/08/2019;92,41;1616859;;;;;;
21/08/2019;91,62;1750322;;;;;;
20/08/2019;92,73;2397549;;;;;;
19/08/2019;93,46;1057017;;;;;;
16/08/2019;93,01;1433922;;;;;;
15/08/2019;91,61;2171348;;;;;;
14/08/2019;92,01;2561462;;;;;;
13/08/2019;95,26;2009435;;;;;;
12/08/2019;93,85;1238156;;;;;;
9/08/2019;95,58;1459474;;;;;;
8/08/2019;95,77;1947041;;;;;;
7/08/2019;93,4;2549962;;;;;;
6/08/2019;92,56;3267627;;;;;;
5/08/2019;91,35;3022489;;;;;;
2/08/2019;93,91;1756006;;;;;;
1/08/2019;95,25;1873950;;;;;;
31/07/2019;96,55;2279438;;;;;;
30/07/2019;97,31;984350;;;;;;
29/07/2019;97,4;1868546;;;;;;
26/07/2019;97,21;1914856;;;;;;
25/07/2019;96,4;2059287;;;;;;
24/07/2019;95,31;2982631;;;;;;
23/07/2019;95,12;3851403;;;;;;
22/07/2019;93,24;3080656;;;;;;
19/07/2019;94,53;3074341;;;;;;
18/07/2019;97,1;1729404;;;;;;
17/07/2019;97,77;1847892;;;;;;
16/07/2019;99,88;3338650;;;;;;
15/07/2019;99,2;1975536;;;;;;
12/07/2019;99,54;2715732;;;;;;
11/07/2019;100,7;1477177;;;;;;
10/07/2019;99,19;2222226;;;;;;
9/07/2019;99;2068107;;;;;;
8/07/2019;100,19;1781951;;;;;;
5/07/2019;100,6;1203190;;;;;;
3/07/2019;100,64;1150740;;;;;;
2/07/2019;100,39;2873224;;;;;;
1/07/2019;99,3;2980621;;;;;;
28/06/2019;97,74;3600346;;;;;;
27/06/2019;96,53;1568531;;;;;;
26/06/2019;94,52;1636606;;;;;;
25/06/2019;93,25;2320851;;;;;;
24/06/2019;95,51;1289121;;;;;;
21/06/2019;96,14;2107994;;;;;;
20/06/2019;96,87;2170727;;;;;;
19/06/2019;95,76;1561998;;;;;;
18/06/2019;95,1;1642210;;;;;;
17/06/2019;93,21;950369;;;;;;
14/06/2019;93,42;887041;;;;;;
13/06/2019;93,03;1124114;;;;;;
12/06/2019;93,35;894474;;;;;;
11/06/2019;93,93;1108709;;;;;;
10/06/2019;93,03;1845348;;;;;;
7/06/2019;92,51;1783002;;;;;;
6/06/2019;91;1376154;;;;;;
5/06/2019;90;1777282;;;;;;
4/06/2019;90,32;2278152;;;;;;
3/06/2019;88,43;2651335;;;;;;
31/05/2019;89,44;1954158;;;;;;
30/05/2019;89,66;1598097;;;;;;
29/05/2019;88,91;2052275;;;;;;
28/05/2019;89,2;1923798;;;;;;
24/05/2019;89,91;2685196;;;;;;
23/05/2019;90,66;5317765;;;;;;
22/05/2019;92,02;1380694;;;;;;
21/05/2019;92,11;2499729;;;;;;
20/05/2019;91,47;2462840;;;;;;
17/05/2019;92,93;1710194;;;;;;
16/05/2019;94,05;1600662;;;;;;
15/05/2019;93,65;2264723;;;;;;
14/05/2019;91,74;2260180;;;;;;
13/05/2019;89,37;1929184;;;;;;
10/05/2019;91,53;1782255;;;;;;
9/05/2019;91,14;1773726;;;;;;
8/05/2019;90,7;2273016;;;;;;
7/05/2019;90,49;1893988;;;;;;
6/05/2019;92,3;2378771;;;;;;
3/05/2019;93,33;2559066;;;;;;
2/05/2019;91,23;2553861;;;;;;
1/05/2019;92,6;5933002;;;;;;
30/04/2019;86,99;4313388;;;;;;
29/04/2019;87,25;3069403;;;;;;
26/04/2019;88,01;2292272;;;;;;
25/04/2019;87,63;1156040;;;;;;
24/04/2019;87,5;3268710;;;;;;
23/04/2019;87,91;2799633;;;;;;
22/04/2019;87,91;2224982;;;;;;
18/04/2019;87,23;1717573;;;;;;
17/04/2019;87,76;2058867;;;;;;
16/04/2019;88,15;1619397;;;;;;
15/04/2019;88,17;1371889;;;;;;
12/04/2019;88,73;1337361;;;;;;
11/04/2019;88,53;1696623;;;;;;
10/04/2019;87,99;1039602;;;;;;
9/04/2019;87,1;2480350;;;;;;
8/04/2019;88,18;1561404;;;;;;
5/04/2019;87,44;2618366;;;;;;
4/04/2019;87,31;2016092;;;;;;
3/04/2019;86,79;2853849;;;;;;
2/04/2019;85,04;3389126;;;;;;
1/04/2019;84,15;3434438;;;;;;
29/03/2019;83,11;2857057;;;;;;
28/03/2019;83,21;1977047;;;;;;
27/03/2019;82,45;3627208;;;;;;
26/03/2019;83,5;3342360;;;;;;
25/03/2019;84,02;1488459;;;;;;
22/03/2019;84,57;3209543;;;;;;
21/03/2019;85,79;2076170;;;;;;
20/03/2019;84,92;2879706;;;;;;
19/03/2019;85,7;1432992;;;;;;
18/03/2019;86,21;1983453;;;;;;
15/03/2019;85,76;3775246;;;;;;
14/03/2019;85;2363070;;;;;;
13/03/2019;83,67;2345271;;;;;;
12/03/2019;83,41;2266863;;;;;;
11/03/2019;82,8;2246253;;;;;;
8/03/2019;82,45;1969962;;;;;;
7/03/2019;82,92;2269496;;;;;;
6/03/2019;83,96;1713387;;;;;;
5/03/2019;84,01;1773519;;;;;;
4/03/2019;83,38;2265295;;;;;;
1/03/2019;83,78;1972005;;;;;;
28/02/2019;83,1;1796808;;;;;;
27/02/2019;83,49;2241371;;;;;;
26/02/2019;83,49;2368568;;;;;;
25/02/2019;83,55;2244750;;;;;;
22/02/2019;85,03;2639223;;;;;;
21/02/2019;83,25;2199550;;;;;;
20/02/2019;83,34;4124145;;;;;;
19/02/2019;81,39;3863753;;;;;;
15/02/2019;81,75;3387353;;;;;;
14/02/2019;80,16;3729871;;;;;;
13/02/2019;79,37;5722906;;;;;;
12/02/2019;74,32;3117365;;;;;;
11/02/2019;74,4;3526947;;;;;;
8/02/2019;73,91;2723464;;;;;;
7/02/2019;74,68;2444917;;;;;;
6/02/2019;75,57;2061388;;;;;;
5/02/2019;74,62;2088766;;;;;;
4/02/2019;74,73;3136591;;;;;;
1/02/2019;74,42;3478198;;;;;;
31/01/2019;74,48;2533926;;;;;;
30/01/2019;74,13;3939185;;;;;;
29/01/2019;73,15;1766289;;;;;;
28/01/2019;72,31;1919529;;;;;;
25/01/2019;71,76;3156659;;;;;;
24/01/2019;71,06;2560185;;;;;;
23/01/2019;70,73;3359512;;;;;;
22/01/2019;71,01;3260543;;;;;;
18/01/2019;73,08;2561363;;;;;;
17/01/2019;72;2579294;;;;;;
16/01/2019;72,04;3325959;;;;;;
15/01/2019;72,5;2376277;;;;;;
14/01/2019;70,99;2943300;;;;;;
11/01/2019;71,89;2191224;;;;;;
10/01/2019;72,07;2409586;;;;;;
9/01/2019;71,04;1760854;;;;;;
8/01/2019;71,86;6212985;;;;;;
7/01/2019;70,74;3171175;;;;;;
4/01/2019;69,94;4110690;;;;;;
3/01/2019;67,3;5629162;;;;;;
2/01/2019;70,94;3629478;;;;;;
31/12/2018;71,8;2138731;;;;;;
28/12/2018;70,95;2165817;;;;;;
27/12/2018;70,33;2203325;;;;;;
26/12/2018;69,51;2606185;;;;;;
24/12/2018;66,51;2015807;;;;;;
21/12/2018;66,47;5417270;;;;;;
20/12/2018;67,5;4862902;;;;;;
19/12/2018;69,66;4020817;;;;;;
18/12/2018;70,49;2402018;;;;;;
17/12/2018;70,27;4462365;;;;;;
14/12/2018;71,86;2524331;;;;;;
13/12/2018;72,22;1785473;;;;;;
12/12/2018;72,78;2004531;;;;;;
11/12/2018;72,4;3296435;;;;;;
10/12/2018;72,67;3277965;;;;;;
7/12/2018;72,86;3067678;;;;;;
6/12/2018;75,59;2342910;;;;;;
4/12/2018;75,15;4194166;;;;;;
3/12/2018;77,97;2836507;;;;;;
30/11/2018;75,54;4767447;;;;;;
29/11/2018;76,46;1970295;;;;;;
28/11/2018;76,95;4285898;;;;;;
27/11/2018;75,17;5549616;;;;;;
26/11/2018;75,09;3508382;;;;;;
23/11/2018;73,12;1095278;;;;;;
21/11/2018;72,57;2499484;;;;;;
20/11/2018;71,49;5740090;;;;;;
19/11/2018;71,2;4401511;;;;;;
16/11/2018;73,04;4737859;;;;;;
15/11/2018;72,89;4069783;;;;;;
14/11/2018;71,08;3790671;;;;;;
13/11/2018;70,86;2346634;;;;;;
12/11/2018;70,19;4186283;;;;;;
9/11/2018;71,16;3249406;;;;;;
8/11/2018;72,02;2369368;;;;;;
7/11/2018;72,97;2263317;;;;;;
6/11/2018;70,59;3991643;;;;;;
5/11/2018;72,4;2633086;;;;;;
2/11/2018;72,82;2982284;;;;;;
1/11/2018;72,65;3044292;;;;;;
31/10/2018;71,17;5039273;;;;;;
30/10/2018;68,7;3200491;;;;;;
29/10/2018;68,6;6077473;;;;;;
26/10/2018;68,27;5634588;;;;;;
25/10/2018;67,55;11014312;;;;;;
24/10/2018;63,82;13473022;;;;;;
23/10/2018;68,87;8984634;;;;;;
22/10/2018;70,16;4126144;;;;;;
19/10/2018;70,66;7481975;;;;;;
18/10/2018;72,05;3723165;;;;;;
17/10/2018;74,52;1777682;;;;;;
16/10/2018;74,63;1927371;;;;;;
15/10/2018;72,99;2993961;;;;;;
12/10/2018;73,62;3676409;;;;;;
11/10/2018;73,1;5944487;;;;;;
10/10/2018;73,4;7380633;;;;;;
9/10/2018;75,23;6070661;;;;;;
8/10/2018;74,95;5211739;;;;;;
5/10/2018;74,38;3622183;;;;;;
4/10/2018;75,41;4779435;;;;;;
3/10/2018;76,55;4619556;;;;;;
2/10/2018;77,08;4398394;;;;;;
1/10/2018;78,39;4116921;;;;;;
28/09/2018;80,78;4263008;;;;;;
27/09/2018;82,04;2654114;;;;;;
26/09/2018;80,66;2168232;;;;;;
25/09/2018;80,11;2533348;;;;;;
24/09/2018;80,16;2265294;;;;;;
21/09/2018;80,96;6804423;;;;;;
20/09/2018;81,08;3516894;;;;;;
19/09/2018;80,43;2327528;;;;;;
18/09/2018;79,39;2703742;;;;;;
17/09/2018;79,1;3394955;;;;;;
14/09/2018;80,06;3229477;;;;;;
13/09/2018;78,94;3745571;;;;;;
12/09/2018;77,96;3110946;;;;;;
11/09/2018;77,41;2774882;;;;;;
10/09/2018;76,59;2029671;;;;;;
7/09/2018;76,44;2973973;;;;;;
6/09/2018;75,69;4244169;;;;;;
5/09/2018;75,72;3076871;;;;;;
4/09/2018;77,16;1887041;;;;;;
31/08/2018;77,62;2496868;;;;;;
30/08/2018;77,58;1398453;;;;;;
29/08/2018;78,18;1837660;;;;;;
28/08/2018;77,47;1241746;;;;;;
27/08/2018;77,76;1865263;;;;;;
24/08/2018;77,11;2149202;;;;;;
23/08/2018;76,77;3009627;;;;;;
22/08/2018;77,2;2540545;;;;;;
21/08/2018;76,73;2324917;;;;;;
20/08/2018;76,29;2430654;;;;;;
17/08/2018;77,2;1964818;;;;;;
16/08/2018;77,24;3373628;;;;;;
15/08/2018;76,22;2919383;;;;;;
14/08/2018;76,54;2763687;;;;;;
13/08/2018;75,31;3066520;;;;;;
10/08/2018;75,65;3274320;;;;;;
9/08/2018;76,15;3906437;;;;;;
8/08/2018;76,89;2936221;;;;;;
7/08/2018;77,6;3777919;;;;;;
6/08/2018;78,13;3835110;;;;;;
3/08/2018;78,18;1969114;;;;;;
2/08/2018;78,44;3687554;;;;;;
1/08/2018;78,54;2667192;;;;;;
31/07/2018;78,66;2743976;;;;;;
30/07/2018;77,28;3132213;;;;;;
27/07/2018;78,45;3091662;;;;;;
26/07/2018;79,61;2774497;;;;;;
25/07/2018;80,37;5890050;;;;;;
24/07/2018;80,49;4260653;;;;;;
23/07/2018;81,61;3686751;;;;;;
20/07/2018;81,96;2439516;;;;;;
19/07/2018;82,14;2773427;;;;;;
18/07/2018;82,96;5303802;;;;;;
17/07/2018;81,07;3353347;;;;;;
16/07/2018;80,08;2286024;;;;;;
13/07/2018;80,97;2125137;;;;;;
12/07/2018;81;3367924;;;;;;
11/07/2018;80,61;3803813;;;;;;
10/07/2018;81,28;2915098;;;;;;
9/07/2018;80,94;2949911;;;;;;
6/07/2018;80,56;2278548;;;;;;
5/07/2018;79,69;3350873;;;;;;
3/07/2018;79,45;1720643;;;;;;
2/07/2018;79,3;3065793;;;;;;
29/06/2018;79,16;3544924;;;;;;
28/06/2018;78,25;5142887;;;;;;
27/06/2018;78,26;3220392;;;;;;
26/06/2018;79,19;3457348;;;;;;
25/06/2018;79,27;3203032;;;;;;
22/06/2018;80,87;4915426;;;;;;
21/06/2018;81,02;3822785;;;;;;
20/06/2018;82,01;3178768;;;;;;
19/06/2018;82,98;2104506;;;;;;
18/06/2018;84,33;1854430;;;;;;
15/06/2018;83,84;2953216;;;;;;
14/06/2018;82,93;2126983;;;;;;
13/06/2018;82,73;3605155;;;;;;
12/06/2018;83,81;3559330;;;;;;
11/06/2018;83,99;1792296;;;;;;
8/06/2018;84,14;1677842;;;;;;
7/06/2018;84,17;1772686;;;;;;
6/06/2018;84,68;3572947;;;;;;
5/06/2018;83,07;1911375;;;;;;
4/06/2018;83,19;1716153;;;;;;
1/06/2018;82,65;2495183;;;;;;
31/05/2018;80,71;2874230;;;;;;
30/05/2018;81,73;2049802;;;;;;
29/05/2018;80,33;2184767;;;;;;
25/05/2018;81,83;1892726;;;;;;
24/05/2018;82,03;2888672;;;;;;
23/05/2018;82,33;2283838;;;;;;
22/05/2018;82,76;1645174;;;;;;
21/05/2018;83,92;2129743;;;;;;
18/05/2018;83,84;8077853;;;;;;
17/05/2018;83,3;1309266;;;;;;
16/05/2018;84,2;2379317;;;;;;
15/05/2018;83,02;1908611;;;;;;
14/05/2018;82,97;2590538;;;;;;
11/05/2018;83,51;1750369;;;;;;
10/05/2018;82,76;2207750;;;;;;
9/05/2018;82,85;2410368;;;;;;
8/05/2018;82,43;3219649;;;;;;
7/05/2018;81,35;2087624;;;;;;
4/05/2018;81,16;2639833;;;;;;
3/05/2018;79,87;3083109;;;;;;
2/05/2018;79,45;2916677;;;;;;
1/05/2018;80,24;3243794;;;;;;
30/04/2018;78,84;3476424;;;;;;
27/04/2018;80,17;4380152;;;;;;
26/04/2018;81,93;5691198;;;;;;
25/04/2018;81,83;2865447;;;;;;
24/04/2018;82,04;4170209;;;;;;
23/04/2018;82,09;1795420;;;;;;
20/04/2018;82,33;2257557;;;;;;
19/04/2018;81,98;2552095;;;;;;
18/04/2018;82,18;3523769;;;;;;
17/04/2018;81,16;3876697;;;;;;
16/04/2018;80,53;4265306;;;;;;
13/04/2018;79,61;14439590;;;;;;
12/04/2018;79,95;10665699;;;;;;
11/04/2018;79,61;52096444;;;;;;
10/04/2018;75,01;11813661;;;;;;
9/04/2018;76,15;7557435;;;;;;
6/04/2018;77,51;3295401;;;;;;
5/04/2018;79,04;6840062;;;;;;
4/04/2018;78,03;3074712;;;;;;
3/04/2018;77,53;2575602;;;;;;
2/04/2018;77,07;2721969;;;;;;
29/03/2018;78,76;2481622;;;;;;
28/03/2018;78,31;2199030;;;;;;
27/03/2018;78,79;1585696;;;;;;
26/03/2018;79,98;1278249;;;;;;
23/03/2018;78,17;1682753;;;;;;
22/03/2018;80,44;3031598;;;;;;
21/03/2018;81,84;1233200;;;;;;
20/03/2018;81,35;1028282;;;;;;
19/03/2018;81,3;2027177;;;;;;
16/03/2018;81,51;2204426;;;;;;
15/03/2018;81,89;2304599;;;;;;
14/03/2018;81,24;1594308;;;;;;
13/03/2018;81,25;1641645;;;;;;
12/03/2018;81,13;1836954;;;;;;
9/03/2018;81,47;2912760;;;;;;
8/03/2018;79,21;2322797;;;;;;
7/03/2018;79,2;1459548;;;;;;
6/03/2018;78,94;2230630;;;;;;
5/03/2018;78,22;2719018;;;;;;
2/03/2018;78,9;2813958;;;;;;
1/03/2018;79,35;2515240;;;;;;
28/02/2018;80,79;4025695;;;;;;
27/02/2018;79,84;3865898;;;;;;
26/02/2018;82,14;2888407;;;;;;
23/02/2018;83,81;1565682;;;;;;
22/02/2018;83,38;1863514;;;;;;
21/02/2018;84,29;1772124;;;;;;
20/02/2018;84,31;1977818;;;;;;
16/02/2018;83,27;2564439;;;;;;
15/02/2018;84,56;3023925;;;;;;
14/02/2018;85,97;3946835;;;;;;
13/02/2018;83,21;2515598;;;;;;
12/02/2018;81,82;2435861;;;;;;
9/02/2018;80,43;3239095;;;;;;
8/02/2018;78,66;5065753;;;;;;
7/02/2018;82,02;3526731;;;;;;
6/02/2018;80,69;4634685;;;;;;
5/02/2018;79,91;2386173;;;;;;
2/02/2018;82,65;2718375;;;;;;
1/02/2018;85,76;2139897;;;;;;
31/01/2018;85,65;1857363;;;;;;
30/01/2018;86,41;1678640;;;;;;
29/01/2018;87,28;1599138;;;;;;
26/01/2018;87,69;944730;;;;;;
25/01/2018;86,63;1467760;;;;;;
24/01/2018;85,79;2134245;;;;;;
23/01/2018;86,53;1632562;;;;;;
22/01/2018;85,77;1541415;;;;;;
19/01/2018;85,49;2206776;;;;;;
18/01/2018;83,95;1314366;;;;;;
17/01/2018;84,03;1440416;;;;;;
16/01/2018;83,4;1530604;;;;;;
12/01/2018;83,95;1870095;;;;;;
11/01/2018;83,07;3886383;;;;;;
10/01/2018;81,65;1745535;;;;;;
9/01/2018;81,93;1354775;;;;;;
8/01/2018;80,94;2483142;;;;;;
5/01/2018;79,29;2273569;;;;;;
4/01/2018;80,25;1548169;;;;;;
3/01/2018;80,85;1425569;;;;;;
2/01/2018;79,68;1701522;;;;;;
29/12/2017;79,86;1539703;;;;;;
28/12/2017;80,45;828965;;;;;;
27/12/2017;80,15;939222;;;;;;
26/12/2017;79,37;909670;;;;;;
22/12/2017;79,35;1416285;;;;;;
21/12/2017;79,37;2047130;;;;;;
20/12/2017;78,35;1327820;;;;;;
19/12/2017;77,81;1448984;;;;;;
18/12/2017;78,09;2275125;;;;;;
15/12/2017;77,09;3694504;;;;;;
14/12/2017;76,02;1739510;;;;;;
13/12/2017;76,75;2245620;;;;;;
12/12/2017;77;2246558;;;;;;
11/12/2017;77,47;1589759;;;;;;
8/12/2017;78,38;2142533;;;;;;
7/12/2017;77,28;2254415;;;;;;
6/12/2017;76,75;1434971;;;;;;
5/12/2017;77,63;1493491;;;;;;
4/12/2017;77,66;2349313;;;;;;
1/12/2017;77,25;2164557;;;;;;
30/11/2017;77,56;2553701;;;;;;
29/11/2017;76,56;1874474;;;;;;
28/11/2017;76,13;1887576;;;;;;
27/11/2017;76;1407045;;;;;;
24/11/2017;75,76;470449;;;;;;
22/11/2017;75,68;1404156;;;;;;
21/11/2017;75,64;2922737;;;;;;
20/11/2017;74,31;1152763;;;;;;
17/11/2017;74,11;2443856;;;;;;
16/11/2017;74,02;1829130;;;;;;
15/11/2017;73,38;2939004;;;;;;
14/11/2017;72,91;1810580;;;;;;
13/11/2017;72,62;1819817;;;;;;
10/11/2017;72,69;2117699;;;;;;
9/11/2017;72,05;2326373;;;;;;
8/11/2017;72,9;1473462;;;;;;
7/11/2017;72,61;1809035;;;;;;
6/11/2017;73,39;1352532;;;;;;
3/11/2017;73,16;1653413;;;;;;
2/11/2017;72,44;1924555;;;;;;
1/11/2017;72,44;1871165;;;;;;
31/10/2017;72,28;2688251;;;;;;
30/10/2017;72,65;2571478;;;;;;
27/10/2017;71,91;2916362;;;;;;
26/10/2017;72,48;3318430;;;;;;
25/10/2017;71,32;2611779;;;;;;
24/10/2017;71,14;3208220;;;;;;
23/10/2017;70,42;1402622;;;;;;
20/10/2017;71,04;1726947;;;;;;
19/10/2017;71,1;2170496;;;;;;
18/10/2017;71,06;2171632;;;;;;
17/10/2017;71,22;1549242;;;;;;
16/10/2017;71,13;1903968;;;;;;
13/10/2017;71,16;2326229;;;;;;
12/10/2017;70,38;2080941;;;;;;
11/10/2017;70,22;3004131;;;;;;
10/10/2017;69,92;1799692;;;;;;
9/10/2017;69,66;1358289;;;;;;
6/10/2017;69,48;1987577;;;;;;
5/10/2017;69,37;2302298;;;;;;
4/10/2017;68,91;1906200;;;;;;
3/10/2017;68,86;2494048;;;;;;
2/10/2017;69,43;2902480;;;;;;
29/09/2017;69,45;7072171;;;;;;
28/09/2017;69,36;1485242;;;;;;
27/09/2017;69,11;1930407;;;;;;
26/09/2017;69,5;2773155;;;;;;
25/09/2017;68,71;2245608;;;;;;
22/09/2017;68,19;2072727;;;;;;
21/09/2017;67,34;1184614;;;;;;
20/09/2017;67,04;1440823;;;;;;
19/09/2017;66,89;1977168;;;;;;
18/09/2017;66,56;2206983;;;;;;
15/09/2017;66,63;2449226;;;;;;
14/09/2017;66,52;1726815;;;;;;
13/09/2017;66,68;1863498;;;;;;
12/09/2017;66,07;1213076;;;;;;
11/09/2017;65,95;2604384;;;;;;
8/09/2017;65,14;2552391;;;;;;
7/09/2017;63,89;1517956;;;;;;
6/09/2017;63,67;1495581;;;;;;
5/09/2017;63,6;2699465;;;;;;
1/09/2017;64,59;1273114;;;;;;
31/08/2017;64,33;2797893;;;;;;
30/08/2017;64,32;2070475;;;;;;
29/08/2017;62,89;1796137;;;;;;
28/08/2017;63,17;1517796;;;;;;
25/08/2017;63,48;1365008;;;;;;
24/08/2017;62,91;1445763;;;;;;
23/08/2017;63,12;1285997;;;;;;
22/08/2017;63,32;1820222;;;;;;
21/08/2017;61,78;1689184;;;;;;
18/08/2017;61,06;2654293;;;;;;
17/08/2017;60,82;2701806;;;;;;
16/08/2017;62,44;2149358;;;;;;
15/08/2017;62,21;2022750;;;;;;
14/08/2017;61,75;2410279;;;;;;
11/08/2017;61,3;1682860;;;;;;
10/08/2017;61;2226616;;;;;;
9/08/2017;61,37;2983989;;;;;;
8/08/2017;62,08;2852104;;;;;;
7/08/2017;63,77;3245097;;;;;;
4/08/2017;62,98;2891414;;;;;;
3/08/2017;62,13;1957896;;;;;;
2/08/2017;61,98;2185970;;;;;;
1/08/2017;62,77;2659228;;;;;;
31/07/2017;62,53;2068102;;;;;;
28/07/2017;62,46;1184767;;;;;;
27/07/2017;62,56;2882527;;;;;;
26/07/2017;62,52;6574685;;;;;;
25/07/2017;63,08;3711538;;;;;;
24/07/2017;62,01;1923393;;;;;;
21/07/2017;62,47;1871248;;;;;;
20/07/2017;62,01;2172107;;;;;;
19/07/2017;62,12;1810306;;;;;;
18/07/2017;62,49;2219642;;;;;;
17/07/2017;62,62;1403118;;;;;;
14/07/2017;62,45;3466467;;;;;;
13/07/2017;62,08;1780177;;;;;;
12/07/2017;61,93;2443988;;;;;;
11/07/2017;62,46;5848808;;;;;;
10/07/2017;62,2;4126259;;;;;;
7/07/2017;61,76;4443271;;;;;;
6/07/2017;61,08;2926199;;;;;;
5/07/2017;61,51;3681417;;;;;;
3/07/2017;61,31;1967430;;;;;;
30/06/2017;61,85;3555997;;;;;;
29/06/2017;62,25;3666783;;;;;;
28/06/2017;63,36;2606962;;;;;;
27/06/2017;63,45;3272231;;;;;;
26/06/2017;65,23;1736249;;;;;;
23/06/2017;65,4;3110891;;;;;;
22/06/2017;65,2;2623453;;;;;;
21/06/2017;65,6;3997012;;;;;;
20/06/2017;65,88;4031608;;;;;;
19/06/2017;66,84;4390979;;;;;;
16/06/2017;66,41;33236368;;;;;;
15/06/2017;66,85;4511143;;;;;;
14/06/2017;66,25;7387165;;;;;;
13/06/2017;66,45;5087150;;;;;;
12/06/2017;65,85;10162849;;;;;;
9/06/2017;64,75;7990937;;;;;;
8/06/2017;65,02;8180391;;;;;;
7/06/2017;66,15;2661162;;;;;;
6/06/2017;65,76;1999448;;;;;;
5/06/2017;66,99;1599191;;;;;;
2/06/2017;67,41;1590404;;;;;;
1/06/2017;66,64;2001934;;;;;;
31/05/2017;66,47;3401960;;;;;;
30/05/2017;65,54;1104545;;;;;;
26/05/2017;65,34;1445801;;;;;;
25/05/2017;65,13;2766641;;;;;;
24/05/2017;65,48;3026655;;;;;;
23/05/2017;65,49;4021770;;;;;;
22/05/2017;65,25;3643601;;;;;;
19/05/2017;63,85;2605372;;;;;;
18/05/2017;62,44;2239456;;;;;;
17/05/2017;61,3;1765154;;;;;;
16/05/2017;62,43;2114829;;;;;;
15/05/2017;62,62;2124949;;;;;;
12/05/2017;62,1;1163771;;;;;;
11/05/2017;62,21;1348750;;;;;;
10/05/2017;62,12;1954514;;;;;;
9/05/2017;62,33;3562075;;;;;;
8/05/2017;60,68;2005769;;;;;;
5/05/2017;61,07;2605516;;;;;;
4/05/2017;60,5;2316266;;;;;;
3/05/2017;61;2471683;;;;;;
2/05/2017;61,49;4208795;;;;;;
1/05/2017;59,32;2957157;;;;;;
28/04/2017;58,97;3223001;;;;;;
27/04/2017;60,24;1695356;;;;;;
26/04/2017;60,6;4502396;;;;;;
25/04/2017;58,54;1329956;;;;;;
24/04/2017;58,04;2150690;;;;;;
21/04/2017;57,35;1197906;;;;;;
20/04/2017;57,59;5217223;;;;;;
19/04/2017;56,92;1939810;;;;;;
18/04/2017;56,86;1730056;;;;;;
17/04/2017;57,33;1965753;;;;;;
13/04/2017;57,11;2129243;;;;;;
12/04/2017;57,42;1929591;;;;;;
11/04/2017;57,48;1369548;;;;;;
10/04/2017;57,18;2650977;;;;;;
7/04/2017;56,6;3066168;;;;;;
6/04/2017;57,1;1107245;;;;;;
5/04/2017;56,75;2314197;;;;;;
4/04/2017;57,07;2188466;;;;;;
3/04/2017;57,62;3273208;;;;;;
31/03/2017;58,46;2283908;;;;;;
30/03/2017;58,77;1965442;;;;;;
29/03/2017;58,61;1549108;;;;;;
28/03/2017;58,67;1871478;;;;;;
27/03/2017;57,85;2571953;;;;;;
24/03/2017;58,31;1066652;;;;;;
23/03/2017;58,32;1996876;;;;;;
22/03/2017;57,7;1514628;;;;;;
21/03/2017;56,69;2150392;;;;;;
20/03/2017;57,5;999797;;;;;;
17/03/2017;57,92;1270128;;;;;;
16/03/2017;58,21;1580679;;;;;;
15/03/2017;58,15;1993542;;;;;;
14/03/2017;57,29;1818298;;;;;;
13/03/2017;57,51;1811926;;;;;;
10/03/2017;56,48;2443194;;;;;;
9/03/2017;55,84;1606783;;;;;;
8/03/2017;56,29;2710824;;;;;;
7/03/2017;56,64;2394174;;;;;;
6/03/2017;57,31;1804281;;;;;;
3/03/2017;57,75;3303351;;;;;;
2/03/2017;58,17;2835790;;;;;;
1/03/2017;57,7;2753721;;;;;;
28/02/2017;57,2;2634802;;;;;;
27/02/2017;58,02;1395988;;;;;;
24/02/2017;57,78;1511282;;;;;;
23/02/2017;57,21;1614889;;;;;;
22/02/2017;57,85;2581155;;;;;;
21/02/2017;58,02;2058818;;;;;;
17/02/2017;58,5;2778247;;;;;;
16/02/2017;59,24;3145260;;;;;;
15/02/2017;59,46;4716207;;;;;;
14/02/2017;58,47;2317318;;;;;;
13/02/2017;58,85;1915267;;;;;;
10/02/2017;58,69;1190984;;;;;;
9/02/2017;58,64;1476834;;;;;;
8/02/2017;58,26;1025028;;;;;;
7/02/2017;57,81;2061451;;;;;;
6/02/2017;57,72;1710372;;;;;;
3/02/2017;57,8;1353287;;;;;;
2/02/2017;57,3;2620139;;;;;;
1/02/2017;57,35;3690042;;;;;;
31/01/2017;57,58;2273903;;;;;;
30/01/2017;58,04;1719506;;;;;;
27/01/2017;58,55;1336010;;;;;;
26/01/2017;58,75;2989690;;;;;;
25/01/2017;58,78;1993843;;;;;;
24/01/2017;58,1;1857079;;;;;;
23/01/2017;57,75;2315248;;;;;;
20/01/2017;57,7;2350521;;;;;;
19/01/2017;57,5;4201438;;;;;;
18/01/2017;56,95;2854577;;;;;;
17/01/2017;56,09;2828854;;;;;;
13/01/2017;56,22;3058612;;;;;;
12/01/2017;55,4;7378615;;;;;;
11/01/2017;56;2781558;;;;;;
10/01/2017;56,02;3384687;;;;;;
9/01/2017;56,96;3921784;;;;;;
6/01/2017;57,47;3358993;;;;;;
5/01/2017;57,32;5122197;;;;;;
4/01/2017;58;5614786;;;;;;
3/01/2017;56;2276369;;;;;;
30/12/2016;55,8062;1513882;;;;;;
29/12/2016;55,9088;941305;;;;;;
28/12/2016;55,4984;3686389;;;;;;
27/12/2016;56,2781;2152789;;;;;;
23/12/2016;56,155;1049918;;;;;;
22/12/2016;56,3191;2326594;;;;;;
21/12/2016;56,8936;3516724;;;;;;
20/12/2016;56,9141;4473857;;;;;;
19/12/2016;56,832;7040525;;;;;;
16/12/2016;56,4832;5541924;;;;;;
15/12/2016;56,0319;5161503;;;;;;
14/12/2016;54,7393;4878964;;;;;;
13/12/2016;54,1238;2834809;;;;;;
12/12/2016;53,3236;4565747;;;;;;
9/12/2016;54,411;2462087;;;;;;
8/12/2016;53,8366;4009784;;;;;;
7/12/2016;55,4779;5888695;;;;;;
6/12/2016;53,9802;5449832;;;;;;
5/12/2016;53,5288;6142598;;;;;;
2/12/2016;51,8259;3062551;;;;;;
1/12/2016;51,7233;5982648;;;;;;
30/11/2016;51,4361;3544203;;;;;;
29/11/2016;50,9026;3491020;;;;;;
28/11/2016;50,9026;3706882;;;;;;
25/11/2016;51,9285;743937;;;;;;
23/11/2016;51,354;2326334;;;;;;
22/11/2016;50,9847;2067347;;;;;;
21/11/2016;50,5333;2640957;;;;;;
18/11/2016;50,1025;2277319;;;;;;
17/11/2016;50,4102;3425822;;;;;;
16/11/2016;50,3692;2872686;;;;;;
15/11/2016;50,2461;2671821;;;;;;
14/11/2016;49,8973;4552609;;;;;;
11/11/2016;48,6458;2483476;;;;;;
10/11/2016;48,1328;7206336;;;;;;
9/11/2016;48,4406;2919733;;;;;;
8/11/2016;47,8046;2969547;;;;;;
7/11/2016;47,0044;2181253;;;;;;
4/11/2016;46,3479;3064685;;;;;;
3/11/2016;45,7118;2340542;;;;;;
2/11/2016;45,7529;2636443;;;;;;
1/11/2016;46,0401;2100373;;;;;;
31/10/2016;46,3684;3770989;;;;;;
28/10/2016;45,6503;2505976;;;;;;
27/10/2016;45,6503;3550260;;;;;;
26/10/2016;45,7939;5174791;;;;;;
25/10/2016;46,6351;2429945;;;;;;
24/10/2016;47,066;6765425;;;;;;
21/10/2016;47,0044;1856387;;;;;;
20/10/2016;47,1891;2393415;;;;;;
19/10/2016;47,3942;1314872;;;;;;
18/10/2016;47,2506;1571834;;;;;;
17/10/2016;46,6761;1676357;;;;;;
14/10/2016;46,9634;3186004;;;;;;
13/10/2016;46,6146;2259339;;;;;;
12/10/2016;46,6761;2065480;;;;;;
11/10/2016;46,2658;2433788;;;;;;
10/10/2016;46,8403;2303814;;;;;;
7/10/2016;46,0196;1082210;;;;;;
6/10/2016;46,2248;2114029;;;;;;
5/10/2016;46,6556;1666075;;;;;;
4/10/2016;46,8403;2390967;;;;;;
3/10/2016;46,9428;1189239;;;;;;
30/09/2016;47,0454;1914832;;;;;;
29/09/2016;46,8197;3350854;;;;;;
28/09/2016;46,9018;4332657;;;;;;
27/09/2016;47,3122;1217792;;;;;;
26/09/2016;47,0865;2097422;;;;;;
23/09/2016;48,4201;1034131;;;;;;
22/09/2016;48,3585;1385244;;;;;;
21/09/2016;47,8251;2979675;;;;;;
20/09/2016;47,8251;1754650;;;;;;
19/09/2016;47,2301;1142293;;;;;;
16/09/2016;47,2506;1601069;;;;;;
15/09/2016;47,3942;1456575;;;;;;
14/09/2016;47,4558;2022726;;;;;;
13/09/2016;47,0454;1929996;;;;;;
12/09/2016;47,2916;2587652;;;;;;
9/09/2016;46,6351;2973466;;;;;;
8/09/2016;48,0303;1359250;;;;;;
7/09/2016;48,5227;987614;;;;;;
6/09/2016;48,4816;926240;;;;;;
2/09/2016;48,7073;996844;;;;;;
1/09/2016;48,7689;3204985;;;;;;
31/08/2016;48,974;1869631;;;;;;
30/08/2016;48,7894;3145462;;;;;;
29/08/2016;49,2407;1311441;;;;;;
26/08/2016;49,2818;1678113;;;;;;
25/08/2016;49,6511;1080855;;;;;;
24/08/2016;49,5895;1508013;;;;;;
23/08/2016;49,5075;1325959;;;;;;
22/08/2016;49,5485;889441;;;;;;
19/08/2016;49,5895;1613000;;;;;;
18/08/2016;49,5485;4517935;;;;;;
17/08/2016;49,8152;4979163;;;;;;
16/08/2016;49,9999;2314625;;;;;;
15/08/2016;49,487;2006702;;;;;;
12/08/2016;49,0561;2399089;;;;;;
11/08/2016;48,5432;3405325;;;;;;
10/08/2016;48,338;2653472;;;;;;
9/08/2016;48,5842;4363907;;;;;;
8/08/2016;48,8714;2623573;;;;;;
5/08/2016;48,1123;1344091;;;;;;
4/08/2016;47,3532;1624348;;;;;;
3/08/2016;46,8403;2269832;;;;;;
2/08/2016;46,9223;1662203;;;;;;
1/08/2016;47,8456;1643857;;;;;;
29/07/2016;47,5789;3699681;;;;;;
28/07/2016;46,9634;3613767;;;;;;
27/07/2016;47,5378;5528161;;;;;;
26/07/2016;48,974;3013176;;;;;;
25/07/2016;49,1176;2101705;;;;;;
22/07/2016;49,9383;2540078;;;;;;
21/07/2016;49,1792;2913961;;;;;;
20/07/2016;49,2407;2238855;;;;;;
19/07/2016;49,0151;2271306;;;;;;
18/07/2016;49,2202;2155160;;;;;;
15/07/2016;48,8099;1267336;;;;;;
14/07/2016;48,6458;981565;;;;;;
13/07/2016;48,4611;2268592;;;;;;
12/07/2016;48,7483;3798715;;;;;;
11/07/2016;48,1328;1240897;;;;;;
8/07/2016;47,8661;1177419;;;;;;
7/07/2016;46,8608;2342442;;;;;;
6/07/2016;46,3068;1628822;;;;;;
5/07/2016;45,917;1539660;;;;;;
1/07/2016;46,9428;1346590;;;;;;
30/06/2016;46,2248;3024879;;;;;;
29/06/2016;45,7323;3885339;;;;;;
28/06/2016;44,1525;2563225;;;;;;
27/06/2016;43,3524;4441535;;;;;;
24/06/2016;44,8296;5615375;;;;;;
23/06/2016;48,0713;3589753;;;;;;
22/06/2016;46,9223;1785056;;;;;;
21/06/2016;46,9223;2741009;;;;;;
20/06/2016;47,5173;4289566;;;;;;
17/06/2016;46,1017;3444694;;;;;;
16/06/2016;44,6039;2469442;;;;;;
15/06/2016;44,4808;3062049;;;;;;
14/06/2016;43,3729;1949318;;;;;;
13/06/2016;43,455;1723739;;;;;;
10/06/2016;43,455;1716723;;;;;;
9/06/2016;44,3167;1161163;;;;;;
8/06/2016;44,5629;1869024;;;;;;
7/06/2016;44,7886;1406114;;;;;;
6/06/2016;45,1579;3786956;;;;;;
3/06/2016;44,5629;4768046;;;;;;
2/06/2016;44,3372;3288517;;;;;;
1/06/2016;42,9626;1168543;;;;;;
31/05/2016;42,6343;2324954;;;;;;
27/05/2016;42,5727;1570619;;;;;;
26/05/2016;42,0598;1778969;;;;;;
25/05/2016;43,0036;3193003;;;;;;
24/05/2016;42,7574;1967892;;;;;;
23/05/2016;42,306;2662799;;;;;;
20/05/2016;42,1419;2141007;;;;;;
19/05/2016;42,306;5540268;;;;;;
18/05/2016;43,2498;3851678;;;;;;
17/05/2016;44,6244;2679672;;;;;;
16/05/2016;44,6449;1471319;;;;;;
13/05/2016;44,1115;1966952;;;;;;
12/05/2016;44,9937;2233639;;;;;;
11/05/2016;45,7118;2749550;;;;;;
10/05/2016;46,8608;2794069;;;;;;
9/05/2016;45,4246;1445752;;;;;;
6/05/2016;45,1989;1676912;;;;;;
5/05/2016;45,2194;1205161;;;;;;
4/05/2016;45,2194;2981964;;;;;;
3/05/2016;45,5477;2166210;;;;;;
2/05/2016;45,6503;2133064;;;;;;
29/04/2016;45,2399;1994196;;;;;;
28/04/2016;45,6298;2748894;;;;;;
27/04/2016;45,7118;2816187;;;;;;
26/04/2016;44,3987;3559370;;;;;;
25/04/2016;44,6039;2629440;;;;;;
22/04/2016;44,4193;3279114;;;;;;
21/04/2016;45,3836;2908319;;;;;;
20/04/2016;44,9732;4101599;;;;;;
19/04/2016;45,7734;1666607;;;;;;
18/04/2016;45,6092;2314803;;;;;;
15/04/2016;46,1427;1663975;;;;;;
14/04/2016;46,5941;1545988;;;;;;
13/04/2016;46,7787;1943879;;;;;;
12/04/2016;46,0811;3052036;;;;;;
11/04/2016;45,7529;1715139;;;;;;
8/04/2016;45,7529;1889858;;;;;;
7/04/2016;45,3425;2191905;;;;;;
6/04/2016;45,6503;2142074;;;;;;
5/04/2016;44,8091;2241221;;;;;;
4/04/2016;45,5272;1511308;;;;;;
