Attributes;Adj Close;Adj Close;Adj Close
Symbols;NFLX;TSLA;AAPL
Date;;;
4/01/2016;109.9599991;44.68199921;24.36453629
5/01/2016;107.6600037;44.68600082;23.75397682
6/01/2016;117.6800003;43.80799866;23.28911591
7/01/2016;114.5599976;43.13000107;22.30620766
8/01/2016;111.3899994;42.20000076;22.42415428
11/01/2016;114.9700012;41.56999969;22.78725815
12/01/2016;116.5800018;41.99399948;23.11797523
13/01/2016;106.5599976;40.06200027;22.52360535
14/01/2016;107.0599976;41.23600006;23.01621628
15/01/2016;104.0400009;40.9980011;22.46347237
19/01/2016;107.8899994;40.94400024;22.3547802
20/01/2016;107.7399979;39.74000168;22.38484192
21/01/2016;102.3499985;39.99399948;22.27152061
22/01/2016;100.7200012;40.50999832;23.45563316
25/01/2016;99.12000275;39.27600098;22.9977169
26/01/2016;97.83000183;38.7120018;23.12491417
27/01/2016;91.15000153;37.61399841;21.60545349
28/01/2016;94.41000366;37.93999863;21.76041031
29/01/2016;91.83999634;38.24000168;22.51204109
1/02/2016;94.08999634;39.38800049;22.30158234
2/02/2016;91.48999786;36.55599976;21.8506031
3/02/2016;90.73999786;34.69599915;22.28308487
4/02/2016;89.70999908;35.06600189;22.46212578
5/02/2016;82.79000092;32.52000046;21.86220932
8/02/2016;83.31999969;29.59799957;22.09240913
9/02/2016;86.12999725;29.64999962;22.08775711
10/02/2016;88.44999695;28.73399925;21.92033958
11/02/2016;86.34999847;30.09399986;21.78779602
12/02/2016;87.40000153;30.20800018;21.85523224
16/02/2016;89.05000305;31.0340004;22.47142792
17/02/2016;94.76000214;33.73600006;22.81556511
18/02/2016;90.48999786;33.35400009;22.38306999
19/02/2016;89.23000336;33.31600189;22.33191681
22/02/2016;91.93000031;35.54800034;22.52723122
23/02/2016;89.12000275;35.44200134;22.01800156
24/02/2016;91.61000061;35.79999924;22.34586334
25/02/2016;94.52999878;37.48600006;22.49933052
26/02/2016;94.79000092;38.06800079;22.5342083
29/02/2016;93.41000366;38.38600159;22.48305702
1/03/2016;98.30000305;37.27000046;23.37596321
2/03/2016;97.61000061;37.66799927;23.42711639
3/03/2016;97.93000031;39.14799881;23.601511
4/03/2016;101.5800018;40.20800018;23.95262718
7/03/2016;95.48999786;41.05799866;23.6875515
8/03/2016;96.23000336;40.52000046;23.49222374
9/03/2016;98;41.74399948;23.51315498
10/03/2016;97.36000061;41.0359993;23.52477455
11/03/2016;97.66000366;41.5;23.77823448
14/03/2016;98.12999725;43.02999878;23.8386879
15/03/2016;97.86000061;43.66799927;24.31770134
16/03/2016;99.34999847;44.38600159;24.6409111
17/03/2016;99.72000122;45.27600098;24.60137939
18/03/2016;101.1200027;46.54800034;24.62928391
21/03/2016;101.0599976;47.66400146;24.62695885
22/03/2016;99.83999634;46.84799957;24.8153019
23/03/2016;99.58999634;44.51599884;24.67811012
24/03/2016;98.36000061;45.54999924;24.57114792
28/03/2016;101.2099991;46.05199814;24.45953369
29/03/2016;104.1299973;46.02600098;25.03852654
30/03/2016;102.1900024;45.37799835;25.4756794
31/03/2016;102.2300034;45.95399857;25.34313774
1/04/2016;105.6999969;47.51800156;25.57566643
4/04/2016;104.3499985;49.39799881;25.83842087
5/04/2016;104.9400024;51.09400177;25.53380966
6/04/2016;104.8300018;53.08399963;25.80121613
7/04/2016;104.4499969;51.43999863;25.2385006
8/04/2016;103.8099976;50.01399994;25.26640701
11/04/2016;102.6800003;49.98400116;25.35011482
12/04/2016;106.9800034;49.56399918;25.68030548
13/04/2016;109.6500015;50.90599823;26.05234528
14/04/2016;110.4199982;50.37200165;26.06629753
15/04/2016;111.5100021;50.90200043;25.5431118
18/04/2016;108.4000015;50.77600098;24.99202347
19/04/2016;94.33999634;49.47399902;24.85948372
20/04/2016;96.76999664;49.99399948;24.91064262
21/04/2016;94.98000336;49.65800095;24.6409111
22/04/2016;95.90000153;50.75;24.5734787
25/04/2016;93.55999756;50.36399841;24.43395996
26/04/2016;92.43000031;50.7480011;24.26421165
27/04/2016;91.04000092;50.29399872;22.74581146
28/04/2016;90.27999878;49.54199982;22.05055809
29/04/2016;90.02999878;48.15200043;21.79710007
2/05/2016;93.11000061;48.36000061;21.77384758
3/05/2016;91.54000092;46.4640007;22.13193703
4/05/2016;90.79000092;44.51200104;21.90174103
5/05/2016;89.37000275;42.30599976;21.81283951
6/05/2016;90.83999634;42.98600006;21.69118881
9/05/2016;90.54000092;41.7840004;21.70756912
10/05/2016;92.88999939;41.73799896;21.85494804
11/05/2016;90.01999664;41.79199982;21.64205933
12/05/2016;87.73999786;41.45600128;21.13440323
13/05/2016;87.87999725;41.52199936;21.17651367
16/05/2016;89.12000275;41.65800095;21.96256065
17/05/2016;88.62999725;40.93199921;21.87132072
18/05/2016;90.5;42.23400116;22.12164307
19/05/2016;89.55000305;43.04199982;22.0374279
20/05/2016;92.48999786;44.05599976;22.27604294
23/05/2016;94.88999939;43.24399948;22.55911636
24/05/2016;97.88999939;43.58200073;22.90301514
25/05/2016;100.1999969;43.91600037;23.30539703
26/05/2016;102.8099976;45.02399826;23.49021339
27/05/2016;103.3000031;44.60800171;23.47617149
31/05/2016;102.5699997;44.64599991;23.36154175
1/06/2016;101.5100021;43.91199875;23.03402328
2/06/2016;101.25;43.79199982;22.86090469
3/06/2016;99.58999634;43.79800034;22.90769196
6/06/2016;100.7399979;44.13600159;23.0737896
7/06/2016;99.88999939;46.4679985;23.16736984
8/06/2016;97.86000061;47.10400009;23.14631653
9/06/2016;97.08999634;45.87200165;23.31241226
10/06/2016;93.75;43.75799942;23.12057877
13/06/2016;93.84999847;43.57400131;22.77200127
14/06/2016;94.12000275;42.99200058;22.80007553
15/06/2016;94.29000092;43.54000092;22.72521591
16/06/2016;95.44000244;43.58599854;22.82113457
17/06/2016;94.44999695;43.09400177;22.30178452
20/06/2016;93.80000305;43.93999863;22.24797821
21/06/2016;90.98999786;43.92200089;22.43746758
22/06/2016;90.01000214;39.33200073;22.35324669
23/06/2016;91.66000366;39.27999878;22.48191452
24/06/2016;88.44000244;38.63000107;21.85027122
27/06/2016;85.33000183;39.70999908;21.53211021
28/06/2016;87.97000122;40.35800171;21.89472198
29/06/2016;91.05999756;42.0379982;22.08421326
30/06/2016;91.48000336;42.45600128;22.36494637
1/07/2016;96.66999817;43.29999924;22.43279076
5/07/2016;97.91000366;42.79600143;22.22223854
6/07/2016;94.59999847;42.88800049;22.34856987
7/07/2016;95.09999847;43.18799973;22.4444828
8/07/2016;97.05999756;43.35599899;22.6176033
11/07/2016;94.66999817;44.95600128;22.68778038
12/07/2016;95.97000122;44.93000031;22.79072189
13/07/2016;96.43000031;44.50600052;22.66205025
14/07/2016;98.01999664;44.30599976;23.11122513
15/07/2016;98.38999939;44.08000183;23.10888481
18/07/2016;98.80999756;45.25;23.35452271
19/07/2016;85.83999634;45.05199814;23.36388206
20/07/2016;87.91000366;45.67200089;23.38494301
21/07/2016;85.98999786;44.09999847;23.26094818
22/07/2016;85.88999939;44.45399857;23.08081436
25/07/2016;87.66000366;46.0019989;22.77200127
26/07/2016;91.41000366;45.90200043;22.61526108
27/07/2016;92.04000092;45.69800186;24.08442307
28/07/2016;91.65000153;46.12200165;24.40960312
29/07/2016;91.25;46.95800018;24.37918854
1/08/2016;94.37000275;46.0019989;24.80964661
2/08/2016;93.55999756;45.43999863;24.44235992
3/08/2016;93.09999847;45.15800095;24.74882126
4/08/2016;93.44000244;46.12200165;24.9017086
5/08/2016;97.02999878;46.00600052;25.28039932
8/08/2016;95.11000061;45.23199844;25.48973465
9/08/2016;93.98999786;45.81600189;25.59322357
10/08/2016;93.93000031;45.13000107;25.40270805
11/08/2016;95.88999939;44.98199844;25.38624382
12/08/2016;96.58999634;45.12200165;25.44503975
15/08/2016;95.30999756;45.11800003;25.75081825
16/08/2016;95.12000275;44.72200012;25.72729683
17/08/2016;96.37000275;44.64799881;25.68966675
18/08/2016;96.16000366;44.70199966;25.65673637
19/08/2016;95.87000275;45;25.72259521
22/08/2016;95.26000214;44.58599854;25.52266502
23/08/2016;95.94000244;44.9679985;25.60263443
24/08/2016;95.18000031;44.52399826;25.40976524
25/08/2016;97.31999969;44.19200134;25.30156517
26/08/2016;97.58000183;43.9980011;25.15337944
29/08/2016;97.30000305;43.04000092;25.12516212
30/08/2016;97.44999695;42.26800156;24.93228722
31/08/2016;97.44999695;42.40200043;24.95580864
1/09/2016;97.37999725;40.15399933;25.10399246
2/09/2016;97.37999725;39.55599976;25.33920097
6/09/2016;100.0899963;40.56600189;25.33214378
7/09/2016;99.15000153;40.34199905;25.48738289
8/09/2016;99.66000366;39.47200012;24.81938362
9/09/2016;96.5;38.89400101;24.25723076
12/09/2016;99.05000305;39.65999985;24.80056953
13/09/2016;96.08999634;39.20999908;25.39094543
14/09/2016;97.01000214;39.2820015;26.2894516
15/09/2016;97.33999634;40.08399963;27.18324852
16/09/2016;99.48000336;41.08000183;27.03036308
19/09/2016;98.05999756;41.26800156;26.71518135
20/09/2016;98.25;40.9280014;26.71282578
21/09/2016;94.87999725;41.04399872;26.70812225
22/09/2016;95.83000183;41.2859993;26.95979881
23/09/2016;95.94000244;41.49000168;26.51054764
26/09/2016;94.55999756;41.79800034;26.55053329
27/09/2016;97.06999969;41.16199875;26.59992409
28/09/2016;97.48000336;41.25400162;26.80220795
29/09/2016;96.66999817;40.13999939;26.38588524
30/09/2016;98.55000305;40.80599976;26.59051895
3/10/2016;102.6299973;42.74000168;26.46585655
4/10/2016;102.3399963;42.2820015;26.57875633
5/10/2016;106.2799988;41.69200134;26.59051895
6/10/2016;105.0699997;40.20000076;26.78809357
7/10/2016;104.8199997;39.3219986;26.82807541
10/10/2016;103.3300018;40.18999863;27.29615402
11/10/2016;100.5899963;40.02000046;27.35495377
12/10/2016;99.5;40.30199814;27.59957314
13/10/2016;100.2300034;40.04800034;27.51489639
14/10/2016;101.4700012;39.30199814;27.66777992
17/10/2016;99.80000305;38.79199982;27.64896584
18/10/2016;118.7900009;39.81999969;27.63014984
19/10/2016;121.8700027;40.7120018;27.54782104
20/10/2016;123.3499985;39.81999969;27.53371239
21/10/2016;127.5;40.01800156;27.42551613
24/10/2016;127.3300018;40.55199814;27.67249107
25/10/2016;126.5100021;40.4679985;27.81361389
26/10/2016;126.9700012;40.44800186;27.18795204
27/10/2016;126.4700012;40.80199814;26.92686844
28/10/2016;126.5699997;39.99399948;26.74810791
31/10/2016;124.8700027;39.54600143;26.70576859
1/11/2016;123.3000031;38.15800095;26.22359276
2/11/2016;122.3399963;37.60400009;26.24711037
3/11/2016;122.1399994;37.48400116;25.96577644
4/11/2016;122.0299988;38.11199951;25.73171997
7/11/2016;124.5800018;38.64199829;26.10289955
8/11/2016;124.3399963;38.98799896;26.25656319
9/11/2016;122.1900024;38.01200104;26.21401215
10/11/2016;115.4199982;37.06999969;25.48348236
11/11/2016;114.7799988;37.7120018;25.63478851
14/11/2016;113.3799973;36.29000092;24.99173546
15/11/2016;113.5899963;36.75400162;25.32271767
16/11/2016;115.1900024;36.7859993;26.00360298
17/11/2016;115.0299988;37.73199844;25.99414635
18/11/2016;115.2099991;37.00400162;26.02014732
21/11/2016;117.9599991;36.90399933;26.41497231
22/11/2016;118.0400009;38.23400116;26.43151855
23/11/2016;117.6900024;38.62799835;26.29676056
25/11/2016;117.4100037;39.33000183;26.42915154
28/11/2016;116.9300003;39.22399902;26.37714005
29/11/2016;117.5100021;37.91400146;26.35113335
30/11/2016;117;37.88000107;26.12890244
1/12/2016;117.2200012;36.37599945;25.88539505
2/12/2016;120.8099976;36.29399872;25.98232269
5/12/2016;119.1600037;37.36000061;25.79555321
6/12/2016;124.5699997;37.16999817;25.99414635
7/12/2016;125.3899994;38.63000107;26.24947357
8/12/2016;123.2399979;38.45800018;26.50717545
9/12/2016;122.8799973;38.43600082;26.93981743
12/12/2016;122.8300018;38.48600006;26.78614426
13/12/2016;123.7799988;39.63000107;27.23297691
14/12/2016;123.4400024;39.73799896;27.23297691
15/12/2016;125;39.51599884;27.38191795
16/12/2016;124.2200012;40.4980011;27.41738319
19/12/2016;125.4499969;40.54600143;27.57577896
20/12/2016;125.1200027;41.75799942;27.64907074
21/12/2016;126.5;41.54000092;27.67507362
22/12/2016;125.5800018;41.68999863;27.49303627
23/12/2016;125.5899963;42.66799927;27.54741096
27/12/2016;128.3500061;43.90599823;27.72236252
28/12/2016;125.8899994;43.94800186;27.60415268
29/12/2016;125.3300018;42.93600082;27.59706116
30/12/2016;123.8000031;42.73799896;27.38191795
3/01/2017;127.4899979;43.39799881;27.45993805
4/01/2017;129.4100037;45.39799881;27.42920303
5/01/2017;131.8099976;45.34999847;27.56869125
6/01/2017;131.0700073;45.80199814;27.87602997
9/01/2017;130.9499969;46.25600052;28.13136101
10/01/2017;129.8899994;45.97399902;28.15973282
11/01/2017;130.5;45.94599915;28.31103897
12/01/2017;129.1799927;45.91799927;28.19283104
13/01/2017;133.6999969;47.54999924;28.14318848
17/01/2017;132.8899994;47.11600113;28.37014961
18/01/2017;133.2599945;47.67200089;28.36778069
19/01/2017;138.4100037;48.7519989;28.31813622
20/01/2017;138.6000061;48.94599915;28.37014961
23/01/2017;137.3899994;49.7840004;28.38905716
24/01/2017;140.1100006;50.92200089;28.36305237
25/01/2017;139.5200043;50.89400101;28.81460953
26/01/2017;138.9600067;50.5019989;28.82879639
27/01/2017;142.4499969;50.59000015;28.83115959
30/01/2017;141.2200012;50.12599945;28.75550652
31/01/2017;140.7100067;50.38600159;28.68930817
1/02/2017;140.7799988;49.84799957;30.4387989
2/02/2017;139.1999969;50.31000137;30.38679123
3/02/2017;140.25;50.26599884;30.51682091
6/02/2017;140.9700012;51.55400085;30.80288696
7/02/2017;144;51.49599838;31.09604454
8/02/2017;144.7400055;52.41600037;31.21661186
9/02/2017;144.1399994;53.84000015;31.44218826
10/02/2017;144.8200073;53.84600067;31.37094688
13/02/2017;143.1999969;56.11999893;31.64876175
14/02/2017;140.8200073;56.19599915;32.05954361
15/02/2017;142.2700043;55.95199966;32.17588425
16/02/2017;142.0099945;53.79000092;32.13789368
17/02/2017;142.2200012;54.44599915;32.22575378
21/02/2017;142.6000061;55.47800064;32.4584465
22/02/2017;143.8600006;54.70199966;32.55579376
23/02/2017;142.7799988;51.19800186;32.41807556
24/02/2017;143.25;51.40000153;32.44894791
27/02/2017;143.4100037;49.24599838;32.51305389
28/02/2017;142.1300049;49.9980011;32.52730179
1/03/2017;142.6499939;50.00400162;33.19214249
2/03/2017;139.5299988;50.09600067;32.99506378
3/03/2017;139.1399994;50.31399918;33.18976212
6/03/2017;141.9400024;50.24200058;33.085289
7/03/2017;141.4299927;49.7179985;33.12802887
8/03/2017;140.3200073;49.37400055;33.00456238
9/03/2017;140.5299988;48.97999954;32.92857742
10/03/2017;140.8899994;48.73799896;33.03779602
13/03/2017;143.5200043;49.23400116;33.05204391
14/03/2017;143.1900024;51.59999847;33.00218201
15/03/2017;145.25;51.14599991;33.35122681
16/03/2017;144.3899994;52.40999985;33.40584183
17/03/2017;145.1100006;52.29999924;33.23963547
20/03/2017;145.8300018;52.38399887;33.58867645
21/03/2017;142.4199982;50.13600159;33.20400238
22/03/2017;142.6499939;51.0019989;33.57917023
23/03/2017;141.8399963;50.95600128;33.46044922
24/03/2017;142.0200043;52.63199997;33.39396286
27/03/2017;144.0599976;54.04399872;33.45095825
28/03/2017;145.1699982;55.49000168;34.14428711
29/03/2017;146.4700012;55.47600174;34.22026443
30/03/2017;148.0599976;55.58399963;34.17515564
31/03/2017;147.8099976;55.65999985;34.11104202
3/04/2017;146.9199982;59.70399857;34.12054062
4/04/2017;145.5;60.74000168;34.37460709
5/04/2017;143.6199951;59;34.19652176
6/04/2017;143.7400055;59.74000168;34.11104202
7/04/2017;143.1100006;60.50799942;34.03506088
10/04/2017;143.8500061;62.47800064;33.99470139
11/04/2017;144.3500061;61.74200058;33.62904358
12/04/2017;143.8300018;59.36800003;33.66940308
13/04/2017;142.9199982;60.79999924;33.49132538
17/04/2017;147.25;60.2879982;33.6765213
18/04/2017;143.3600006;60.04999924;33.52694321
19/04/2017;139.7599945;61.10400009;33.40346146
20/04/2017;141.1799927;60.5019989;33.82136917
21/04/2017;142.8699951;61.11999893;33.78099823
24/04/2017;143.8300018;61.60599899;34.10629654
25/04/2017;152.1600037;62.75799942;34.31761932
26/04/2017;150.1699982;62.0340004;34.11578751
27/04/2017;153.0800018;61.72600174;34.14190292
28/04/2017;152.1999969;62.81399918;34.1086731
1/05/2017;155.3500061;64.56600189;34.80437088
2/05/2017;156.4499969;63.77799988;35.02519989
3/05/2017;155.5899963;62.20399857;34.91835022
4/05/2017;157.25;59.09199905;34.79250336
5/05/2017;156.6000061;61.66999817;35.36949158
8/05/2017;156.3800049;61.43799973;36.33113861
9/05/2017;157.4600067;64.2519989;36.56383133
10/05/2017;160.2799988;65.04399872;36.3904953
11/05/2017;158.5399933;64.62000275;36.70520782
12/05/2017;160.8099976;64.96199799;37.21782303
15/05/2017;160.0200043;63.17599869;37.12245178
16/05/2017;159.4100037;63.40200043;37.06761932
17/05/2017;153.1999969;61.22200012;35.82304764
18/05/2017;155.6999969;62.61199951;36.36903763
19/05/2017;157.0200043;62.16600037;36.4930191
22/05/2017;157.1600037;62.06999969;36.7147522
23/05/2017;157.9499969;60.77199936;36.66944885
24/05/2017;157.75;62.04399872;36.55977249
25/05/2017;163.0500031;63.36600113;36.68613815
26/05/2017;162.4299927;65.02799988;36.62414932
30/05/2017;163.2200012;67.01999664;36.63845062
31/05/2017;163.0700073;68.20200348;36.42148972
1/06/2017;162.9900055;68.0739975;36.52162552
2/06/2017;165.1799927;67.97000122;37.06284714
5/06/2017;165.0599976;69.46399689;36.70044708
6/06/2017;165.1699982;70.56999969;36.82441711
7/06/2017;165.6100006;71.93000031;37.04376984
8/06/2017;165.8800049;74;36.95317078
9/06/2017;158.0299988;71.46399689;35.5202446
12/06/2017;151.4400024;71.80200195;34.67146301
13/06/2017;152.7200012;75.19000244;34.95042038
14/06/2017;152.1999969;76.13200378;34.60947418
15/06/2017;151.7599945;75.06800079;34.40204239
16/06/2017;152.3800049;74.27999878;33.92043686
19/06/2017;153.3999939;73.95999908;34.89081573
20/06/2017;152.0500031;74.44799805;34.57372284
21/06/2017;155.0299988;75.27999878;34.77875519
22/06/2017;154.8899994;76.52200317;34.72153854
23/06/2017;158.0200043;76.69000244;34.87650681
26/06/2017;157.5;75.4980011;34.76683807
27/06/2017;151.0299988;72.47399902;34.26852417
28/06/2017;153.4100037;74.2480011;34.76921844
29/06/2017;150.0899963;72.15000153;34.25660706
30/06/2017;149.4100037;72.3219986;34.33766937
3/07/2017;146.1699982;70.52400208;34.21369553
5/07/2017;147.6100006;65.41799927;34.35436249
6/07/2017;146.25;61.76599884;34.03010559
7/07/2017;150.1799927;62.64400101;34.37580872
10/07/2017;152.6699982;63.20999908;34.58562469
11/07/2017;154.3300018;65.44400024;34.69768906
12/07/2017;158.75;65.90399933;34.74776459
13/07/2017;158.2100067;64.68199921;35.23176193
14/07/2017;161.1199951;65.55599976;35.53455734
17/07/2017;161.6999969;63.91400146;35.658535
18/07/2017;183.6000061;65.64800262;35.78252411
19/07/2017;183.8600006;65.05200195;36.00662994
20/07/2017;183.6000061;65.98400116;35.84450531
21/07/2017;188.5399933;65.68000031;35.82781219
24/07/2017;187.9100037;68.5039978;36.26174927
25/07/2017;186.9700012;67.91999817;36.41672516
26/07/2017;189.0800018;68.76999664;36.58838654
27/07/2017;182.6799927;66.89199829;35.89696121
28/07/2017;184.0399933;67.01399994;35.6442337
31/07/2017;181.6600037;64.69400024;35.46064377
1/08/2017;182.0299988;63.91400146;35.77537155
2/08/2017;180.7400055;65.1780014;37.46577454
3/08/2017;179.2299957;69.41799927;37.09145737
4/08/2017;180.2700043;71.38200378;37.28696442
7/08/2017;181.3300018;71.03399658;37.86394882
8/08/2017;178.3600006;73.04399872;38.16675186
9/08/2017;175.7799988;72.70600128;38.40039825
10/08/2017;169.1399994;71.08000183;37.1772728
11/08/2017;171.3999939;71.5739975;37.69429398
14/08/2017;171;72.76000214;38.26156998
15/08/2017;168.5;72.46600342;38.68045044
16/08/2017;169.9799957;72.58200073;38.52486801
17/08/2017;166.0899963;70.38400269;37.7852478
18/08/2017;166.5399933;69.49199677;37.69907761
21/08/2017;166.7599945;67.5719986;37.62966919
22/08/2017;169.3399963;68.26999664;38.24481583
23/08/2017;169.0599976;70.55400085;38.29268646
24/08/2017;168.1300049;70.58599854;38.12274933
25/08/2017;165.9499969;69.61000061;38.26397705
28/08/2017;167.1199951;69.13200378;38.64932632
29/08/2017;168.8099976;69.47200012;38.99401093
30/08/2017;174.6900024;70.63600159;39.09933472
31/08/2017;174.7100067;71.18000031;39.25491714
1/09/2017;174.7400055;71.08000183;39.26688385
5/09/2017;174.5200043;69.91799927;38.79534531
6/09/2017;179.25;68.90599823;38.75465012
7/09/2017;179;70.12200165;38.59906769
8/09/2017;176.4199982;68.68000031;37.96955872
11/09/2017;181.7400055;72.73799896;38.65651703
12/09/2017;185.1499939;72.55000305;38.50332642
13/09/2017;183.6399994;73.2460022;38.21370316
14/09/2017;182.6300049;75.52799988;37.88578033
15/09/2017;182.3500061;75.96199799;38.26875687
18/09/2017;184.6199951;77;37.97912598
19/09/2017;185.6799927;75.01999664;37.99348831
20/09/2017;185.5099945;74.78199768;37.35679245
21/09/2017;188.7799988;73.29599762;36.71530533
22/09/2017;187.3500061;70.21800232;36.35627747
25/09/2017;178.5500031;68.9980011;36.03553391
26/09/2017;179.3800049;69.05000305;36.65547562
27/09/2017;181.9700012;68.19400024;36.91637802
28/09/2017;180.6999969;67.91999817;36.68898773
29/09/2017;181.3500061;68.22000122;36.89004135
2/10/2017;177.0099945;68.30599976;36.81584167
3/10/2017;179.1900024;69.62799835;36.97621536
4/10/2017;184.4499969;71.0019989;36.73685837
5/10/2017;194.3899994;71.06600189;37.19403076
6/10/2017;198.0200043;71.37599945;37.17248154
9/10/2017;196.8699951;68.58799744;37.30173874
10/10/2017;195.0800018;71.11799622;37.31609726
11/10/2017;194.9499969;70.91999817;37.47169495
12/10/2017;195.8600006;71.13600159;37.3400383
13/10/2017;199.4900055;71.11399841;37.57701111
16/10/2017;202.6799927;70.12000275;38.26875687
17/10/2017;199.4799957;71.15000153;38.40998077
18/10/2017;195.5399933;71.93000031;38.2400322
19/10/2017;195.1300049;70.36199951;37.33525467
20/10/2017;194.1600037;69.01999664;37.39987564
23/10/2017;192.4700012;67.40399933;37.38072968
24/10/2017;196.0200043;67.46800232;37.60333252
25/10/2017;193.7700043;65.16799927;37.4381752
26/10/2017;195.2100067;65.23400116;37.67753601
27/10/2017;199.5399933;64.1740036;39.02752304
30/10/2017;198.3699951;64.01599884;39.90597534
31/10/2017;196.4299927;66.30599976;40.46128464
1/11/2017;198;64.21600342;39.94665909
2/11/2017;199.3200073;59.85200119;40.23867798
3/11/2017;200.0099945;61.2179985;41.28947067
6/11/2017;200.1300049;60.55599976;41.70834351
7/11/2017;195.8899994;61.20999908;41.84238434
8/11/2017;196.4400024;60.87799835;42.18466949
9/11/2017;193.8999939;60.59799957;42.09850311
10/11/2017;192.0200043;60.59799957;41.9591713
13/11/2017;195.0800018;63.08000183;41.79102325
14/11/2017;195.7100067;61.74000168;41.15924454
15/11/2017;192.1199951;62.25999832;40.61635208
16/11/2017;195.5099945;62.5;41.10159302
17/11/2017;193.1999969;63.00999832;40.8733902
20/11/2017;194.1000061;61.7480011;40.83254623
21/11/2017;196.2299957;63.56200027;41.59164047
22/11/2017;196.3200073;62.52000046;42.02883911
24/11/2017;195.75;63.11000061;42.03124237
27/11/2017;195.0500031;63.36199951;41.81984329
28/11/2017;199.1799927;63.50999832;41.5748291
29/11/2017;188.1499939;61.50799942;40.71243286
30/11/2017;187.5800018;61.77000046;41.28175735
1/12/2017;186.8200073;61.30599976;41.08958435
4/12/2017;184.0399933;61.04000092;40.78930664
5/12/2017;184.2100067;60.74000168;40.75086975
6/12/2017;185.3000031;62.65200043;40.59952927
7/12/2017;185.1999969;62.2480011;40.6740036
8/12/2017;188.5399933;63.02600098;40.68600845
11/12/2017;186.2200012;65.78199768;41.47873688
12/12/2017;185.7299957;68.20600128;41.24572372
13/12/2017;187.8600006;67.80599976;41.38265228
14/12/2017;189.5599976;67.57800293;41.3706398
15/12/2017;190.1199951;68.69000244;41.79102325
18/12/2017;190.4199982;67.77400208;42.37956619
19/12/2017;187.0200043;66.22000122;41.927948
20/12/2017;188.8200073;65.79599762;41.88230515
21/12/2017;188.6199951;66.33200073;42.04085159
22/12/2017;189.9400024;65.04000092;42.04085159
26/12/2017;187.7599945;63.45800018;40.97427368
27/12/2017;186.2400055;62.32799911;40.98148346
28/12/2017;192.7100067;63.0719986;41.0967865
29/12/2017;191.9600067;62.27000046;40.65237427
2/01/2018;201.0700073;64.10600281;41.38023758
3/01/2018;205.0500031;63.45000076;41.37303162
4/01/2018;205.6300049;62.92399979;41.56521606
5/01/2018;209.9900055;63.31600189;42.03845215
8/01/2018;212.0500031;67.28199768;41.88230515
9/01/2018;209.3099976;66.73799896;41.87750626
10/01/2018;212.5200043;66.95999908;41.8678894
11/01/2018;217.2400055;67.58999634;42.10570908
12/01/2018;221.2299957;67.2440033;42.54050064
16/01/2018;221.5299988;68.01200104;42.3243103
17/01/2018;217.5;69.43199921;43.02334976
18/01/2018;220.3300018;68.91400146;43.06178665
19/01/2018;220.4600067;70.0039978;42.86960983
22/01/2018;227.5800018;70.31199646;42.5188942
23/01/2018;250.2899933;70.55799866;42.52849579
24/01/2018;261.2999878;69.1780014;41.85107422
25/01/2018;269.7000122;67.52799988;41.10399246
26/01/2018;274.6000061;68.56999969;41.20008087
29/01/2018;284.5899963;69.90599823;40.34729767
30/01/2018;278.7999878;69.16400146;40.10948181
31/01/2018;270.2999878;70.86199951;40.21998978
1/02/2018;265.0700073;69.84999847;40.3040657
2/02/2018;267.4299927;68.75;38.55526352
5/02/2018;254.2599945;66.62599945;37.59197998
6/02/2018;265.7200012;66.79399872;39.16301727
7/02/2018;264.5599976;69;38.32464981
8/02/2018;250.1000061;63.04600143;37.27008438
9/02/2018;249.4700012;62.08399963;37.72595215
12/02/2018;257.9500122;63.14599991;39.24550629
13/02/2018;258.269989;64.73200226;39.63865662
14/02/2018;266;64.46199799;40.36949158
15/02/2018;280.269989;66.81400299;41.72503662
16/02/2018;278.519989;67.09799957;41.58996201
20/02/2018;278.5499878;66.95400238;41.45006943
21/02/2018;281.0400085;66.66000366;41.26193619
22/02/2018;278.1400146;69.23400116;41.60684967
23/02/2018;285.9299927;70.41000366;42.33045197
26/02/2018;294.1600037;71.48400116;43.16740417
27/02/2018;290.6099854;70.19799805;43.02751541
28/02/2018;291.3800049;68.61199951;42.96237946
1/03/2018;290.3900146;66.18599701;42.2098465
2/03/2018;301.0499878;67.02400208;42.50169754
5/03/2018;315;66.66999817;42.6488266
6/03/2018;325.2200012;65.63999939;42.61265564
7/03/2018;321.1600037;66.45999908;42.21707535
8/03/2018;317;65.81999969;42.67776489
9/03/2018;331.4400024;65.43399811;43.41101456
12/03/2018;321.2999878;69.10199738;43.83069611
13/03/2018;315.8800049;68.36799622;43.40860367
14/03/2018;321.5499878;65.3259964;43.03956604
15/03/2018;321.0899963;65.12000275;43.09022141
16/03/2018;318.4500122;64.26999664;42.93826294
19/03/2018;313.480011;62.7120018;42.28219986
20/03/2018;317.5;62.11000061;42.26773071
21/03/2018;316.480011;63.30599976;41.31017303
22/03/2018;306.7000122;61.81999969;40.72646713
23/03/2018;300.9400024;60.30799866;39.7833786
26/03/2018;320.3500061;60.83599854;41.67197037
27/03/2018;300.6900024;55.83599854;40.60345459
28/03/2018;285.769989;51.55599976;40.15482712
29/03/2018;295.3500061;53.22600174;40.46839142
2/04/2018;280.2900085;50.49599838;40.20307159
3/04/2018;283.6700134;53.50600052;40.61552048
4/04/2018;288.9400024;57.38800049;41.39217758
5/04/2018;293.9700012;61.14400101;41.67920303
6/04/2018;288.8500061;59.86000061;40.61310577
9/04/2018;289.9299927;57.93199921;41.01590729
10/04/2018;298.0700073;60.93999863;41.78775024
11/04/2018;303.6700134;60.18600082;41.59236908
12/04/2018;309.25;58.81600189;42.0024147
13/04/2018;311.6499939;60.06800079;42.14472198
16/04/2018;307.7799988;58.24200058;42.40762711
17/04/2018;336.0599976;57.5379982;42.99132156
18/04/2018;334.519989;58.66999817;42.89484406
19/04/2018;332.7000122;60.01599884;41.67920303
20/04/2018;327.769989;58.04800034;39.97152328
23/04/2018;318.6900024;56.67399979;39.85573959
24/04/2018;307.019989;56.69200134;39.30098343
25/04/2018;305.7600098;56.13800049;39.472229
26/04/2018;313.980011;57.09600067;39.60972214
27/04/2018;311.7600098;58.81600189;39.15144348
30/04/2018;312.4599915;58.77999878;39.86056519
1/05/2018;313.2999878;59.98400116;40.78676987
2/05/2018;313.3599854;60.22999954;42.58853149
3/05/2018;311.6900024;56.88999939;42.66570663
4/05/2018;320.0899963;58.81800079;44.33962631
7/05/2018;326.2600098;60.55400085;44.66042328
8/05/2018;326.8900146;60.39400101;44.875103
9/05/2018;330.2999878;61.36999893;45.19106674
10/05/2018;329.6000061;61.00400162;45.83747482
11/05/2018;326.4599915;60.2120018;45.66314316
14/05/2018;328.5299988;58.39400101;45.55660629
15/05/2018;326.1300049;56.83599854;45.14256668
16/05/2018;328.1900024;57.29600143;45.56387329
17/05/2018;325.2200012;56.90800095;45.27573776
18/05/2018;324.1799927;55.36399841;45.11109161
21/05/2018;331.8200073;56.89799881;45.43070602
22/05/2018;331.6199951;55.0019989;45.31690598
23/05/2018;344.7200012;55.81399918;45.60746002
24/05/2018;349.2900085;55.56999969;45.55660629
25/05/2018;351.2900085;55.77000046;45.66072845
29/05/2018;349.730011;56.7519989;45.49606705
30/05/2018;353.5400085;58.34400177;45.3992157
31/05/2018;351.6000061;56.94599915;45.2466774
1/06/2018;359.9299927;58.36399841;46.06266785
4/06/2018;361.8099976;59.34799957;46.44764328
5/06/2018;365.7999878;58.22600174;46.80599213
6/06/2018;367.4500122;63.90000153;46.96821976
7/06/2018;361.3999939;63.2179985;46.84230804
8/06/2018;360.5700073;63.5320015;46.41617203
11/06/2018;361.4500122;66.41999817;46.30237198
12/06/2018;363.8299866;68.55400085;46.55659866
13/06/2018;379.9299927;68.95600128;46.17403412
14/06/2018;392.8699951;71.54399872;46.19824982
15/06/2018;391.980011;71.63400269;45.72367477
18/06/2018;390.3999939;74.16600037;45.69945526
19/06/2018;404.980011;70.51000214;44.96096802
20/06/2018;416.7600098;72.44400024;45.15709686
21/06/2018;415.4400024;69.5019989;44.9052887
22/06/2018;411.0899963;66.72599792;44.7745285
25/06/2018;384.480011;66.60199738;44.10867691
26/06/2018;399.3900146;68.40000153;44.65588379
27/06/2018;390.3900146;68.90000153;44.59050751
28/06/2018;395.4200134;69.98600006;44.9149704
29/06/2018;391.4299927;68.58999634;44.82053757
2/07/2018;398.1799927;67.01399994;45.32175064
3/07/2018;390.519989;62.17200089;44.53240204
5/07/2018;398.3900146;61.83200073;44.89074707
6/07/2018;408.25;61.77999878;45.51302338
9/07/2018;418.9700012;63.70199966;46.14497757
10/07/2018;415.6300049;64.4940033;46.08929443
11/07/2018;418.6499939;63.79199982;45.49123383
12/07/2018;413.5;63.34199905;46.25394058
13/07/2018;395.7999878;63.77399826;46.32658386
16/07/2018;400.480011;62.02000046;46.22488785
17/07/2018;379.480011;64.53800201;46.35564041
18/07/2018;375.1300049;64.76999664;46.10139847
19/07/2018;364.230011;64.04599762;46.45975113
20/07/2018;361.0499878;62.7159996;46.35321426
23/07/2018;362.6600037;60.63999939;46.39436722
24/07/2018;357.3200073;59.48600006;46.73093033
25/07/2018;362.8699951;61.7480011;47.17160416
26/07/2018;363.0899963;61.33000183;47.02390289
27/07/2018;355.2099915;59.43600082;46.24183273
30/07/2018;334.9599915;58.0340004;45.98274994
31/07/2018;337.4500122;59.62799835;46.07476044
1/08/2018;338.3800049;60.16799927;48.78902817
2/08/2018;344.5;69.90799713;50.21517181
3/08/2018;343.0899963;69.63400269;50.36044693
6/08/2018;350.9200134;68.39800262;50.62195587
7/08/2018;351.8299866;75.91400146;50.1473732
8/08/2018;347.6099854;74.06800079;50.18127823
9/08/2018;349.3599854;70.48999786;50.57594299
10/08/2018;345.8699951;71.09799957;50.42529678
13/08/2018;341.3099976;71.28199768;50.75089264
14/08/2018;337.4899902;69.52799988;50.96471786
15/08/2018;326.3999939;67.73799896;51.08377457
16/08/2018;322.4400024;67.08999634;51.83214569
17/08/2018;316.7799988;61.09999847;52.86723709
20/08/2018;327.730011;61.68799973;52.35211563
21/08/2018;338.019989;64.37999725;52.25006104
22/08/2018;344.4400024;64.32800293;52.25249481
23/08/2018;339.1700134;64.01999664;52.35940552
24/08/2018;358.8200073;64.56400299;52.52220917
27/08/2018;364.5799866;63.85400009;52.9547081
28/08/2018;368.4899902;62.37200165;53.38234711
29/08/2018;368.0400085;61.0019989;54.17931366
30/08/2018;370.980011;60.63000107;54.67742157
31/08/2018;367.6799927;60.33200073;55.30916595
4/09/2018;363.6000061;57.79000092;55.48654175
5/09/2018;341.1799927;56.14799881;55.12450409
6/09/2018;346.4599915;56.18999863;54.20847321
7/09/2018;348.6799927;52.64799881;53.77111435
10/09/2018;348.4100037;57.09999847;53.04946136
11/09/2018;355.9299927;55.88800049;54.39070892
12/09/2018;369.9500122;58.10800171;53.71522903
13/09/2018;368.1499939;57.89199829;55.01272964
14/09/2018;364.5599976;59.04000092;54.38827896
17/09/2018;350.3500061;58.9679985;52.94013214
18/09/2018;367.6499939;56.99200058;53.02759552
19/09/2018;366.9599915;59.80400085;53.05918884
20/09/2018;365.3599854;59.66600037;53.46252823
21/09/2018;361.1900024;59.81999969;52.88667297
24/09/2018;369.6099854;59.93600082;53.64719009
25/09/2018;369.4299927;60.19800186;53.98736191
26/09/2018;377.8800049;61.91600037;53.55729675
27/09/2018;380.7099915;61.50400162;54.65797806
28/09/2018;374.1300049;52.95399857;54.84993744
1/10/2018;381.4299927;62.13999939;55.21926117
2/10/2018;377.1400146;60.20399857;55.71007919
3/10/2018;377.0499878;58.95999908;56.38798523
4/10/2018;363.6499939;56.36600113;55.39664078
5/10/2018;351.3500061;52.38999939;54.49761963
8/10/2018;349.1000061;50.11199951;54.37127686
9/10/2018;355.7099915;52.56000137;55.12450409
10/10/2018;325.8900146;51.37599945;52.5708046
11/10/2018;321.1000061;50.44599915;52.10671234
12/10/2018;339.5599976;51.75600052;53.96792603
15/10/2018;333.1300049;51.91799927;52.81377792
16/10/2018;346.3999939;55.31800079;53.97764587
17/10/2018;364.7000122;54.35599899;53.74438095
18/10/2018;346.7099915;52.7820015;52.48818588
19/10/2018;332.6700134;52;53.2875824
22/10/2018;329.5400085;52.18999863;53.61318207
23/10/2018;333.1600037;58.82799911;54.11856842
24/10/2018;301.8299866;57.70000076;52.26221466
25/10/2018;312.8699951;62.97200012;53.40664291
26/10/2018;299.8299866;66.18000031;52.55621719
29/10/2018;284.8399963;66.97000122;51.56973267
30/10/2018;285.8099976;65.98000336;51.82728195
31/10/2018;301.7799988;67.46399689;53.17824936
1/11/2018;317.3800049;68.85600281;53.99465561
2/11/2018;309.1000061;69.28199768;50.41315842
5/11/2018;315.4400024;68.27999878;48.98200226
6/11/2018;310.8399963;68.21199799;49.51169968
7/11/2018;327.5;69.63200378;51.01330948
8/11/2018;317.9200134;70.27999878;50.83531952
9/11/2018;303.4700012;70.10199738;49.85513687
12/11/2018;294.0700073;66.2559967;47.3437233
13/11/2018;294.3999939;67.7460022;46.87070465
14/11/2018;286.730011;68.80000305;45.54672623
15/11/2018;290.0599976;69.68800354;46.67076874
16/11/2018;286.2099915;70.86199951;47.18767548
19/11/2018;270.6000061;70.69400024;45.31753159
20/11/2018;266.980011;69.4980011;43.15234756
21/11/2018;262.1300049;67.63800049;43.1035881
23/11/2018;258.8200073;65.16600037;42.00881195
26/11/2018;261.4299927;69.19999695;42.57692337
27/11/2018;266.6300049;68.78399658;42.48426819
28/11/2018;282.6499939;69.5739975;44.11790466
29/11/2018;288.75;68.23400116;43.7789917
30/11/2018;286.1300049;70.09600067;43.54248047
3/12/2018;290.2999878;71.69799805;45.06394958
4/12/2018;275.3299866;71.94000244;43.08164597
6/12/2018;282.8800049;72.61199951;42.60131073
7/12/2018;265.1400146;71.59400177;41.08227158
10/12/2018;269.7000122;73.02999878;41.35291672
11/12/2018;265.3200073;73.35199738;41.11640549
12/12/2018;274.8800049;73.31999969;41.23100662
13/12/2018;276.019989;75.35800171;41.68208313
14/12/2018;266.8399963;73.14199829;40.34835052
17/12/2018;262.7999878;69.68399811;39.97286224
18/12/2018;270.9400024;67.40599823;40.49221039
19/12/2018;266.769989;66.59400177;39.2291832
20/12/2018;260.5799866;63.07600021;38.239254
21/12/2018;246.3899994;63.95399857;36.75191116
24/12/2018;233.8800049;59.07799911;35.80099487
26/12/2018;253.6699982;65.21800232;38.322155
27/12/2018;255.5700073;63.22600174;38.07345581
28/12/2018;256.0799866;66.77400208;38.09296036
31/12/2018;267.6600037;66.55999756;38.46113968
2/01/2019;267.6600037;62.02399826;38.50502396
3/01/2019;271.2000122;60.0719986;34.66963959
4/01/2019;297.5700073;63.5379982;36.14966202
7/01/2019;315.3399963;66.99199677;36.06920242
8/01/2019;320.269989;67.06999969;36.75679398
9/01/2019;319.9599915;67.70600128;37.38098526
10/01/2019;324.6600037;68.9940033;37.50046539
11/01/2019;337.5899963;69.45200348;37.13228989
14/01/2019;332.9400024;66.87999725;36.5739212
15/01/2019;354.6400146;68.88600159;37.32247162
16/01/2019;351.3900146;69.20999908;37.77842331
17/01/2019;353.1900024;69.46199799;38.00273895
18/01/2019;339.1000061;60.45199966;38.23681259
22/01/2019;325.1600037;59.7840004;37.3785553
23/01/2019;321.9899902;57.51800156;37.52972412
24/01/2019;326.6700134;58.30199814;37.23225403
25/01/2019;338.0499878;59.40800095;38.46600723
28/01/2019;335.6600037;59.27600098;38.11002731
29/01/2019;328.8999939;59.49200058;37.71503067
30/01/2019;340.6600037;61.75400162;40.29226685
31/01/2019;339.5;61.40399933;40.58242798
1/02/2019;339.8500061;62.44200134;40.60193634
4/02/2019;351.3399963;62.57799911;41.75522614
5/02/2019;355.8099976;64.26999664;42.46964264
6/02/2019;352.1900024;63.44400024;42.48426819
7/02/2019;344.7099915;61.5019989;41.67964554
8/02/2019;347.5700073;61.15999985;41.72861481
11/02/2019;345.730011;62.56800079;41.48863983
12/02/2019;359.9700012;62.36199951;41.84616089
13/02/2019;351.769989;61.63399887;41.67229462
14/02/2019;359.0700073;60.75400162;41.82411957
15/02/2019;356.8699951;61.57600021;41.73106003
19/02/2019;361.9200134;61.12799835;41.85595322
20/02/2019;359.9100037;60.51200104;42.12531281
21/02/2019;356.9700012;58.24599838;41.88778305
22/02/2019;363.019989;58.94200134;42.35549545
25/02/2019;363.9100037;59.75400162;42.66402817
26/02/2019;364.9700012;59.5719986;42.68851089
27/02/2019;362.8699951;62.94800186;42.82074738
28/02/2019;358.1000061;63.97600174;42.39957047
1/03/2019;357.3200073;58.95800018;42.84523392
4/03/2019;351.0400085;57.0719986;43.06071854
5/03/2019;354.2999878;55.30799866;42.98235703
6/03/2019;359.6099854;55.2480011;42.73504257
7/03/2019;352.6000061;55.31800079;42.24039841
8/03/2019;349.6000061;56.82799911;42.34079742
11/03/2019;358.8599854;58.18399811;43.80757904
12/03/2019;356.269989;56.67200089;44.29977417
13/03/2019;361.2099915;57.79199982;44.4956665
14/03/2019;358.8200073;57.99200058;44.99030304
15/03/2019;361.4599915;55.08599854;45.57555008
18/03/2019;363.4400024;53.89799881;46.04081726
19/03/2019;358.7799988;53.49399948;45.67595291
20/03/2019;375.2200012;54.72000122;46.07509613
21/03/2019;377.8699951;54.80400085;47.77205658
22/03/2019;361.0100098;52.90599823;46.78277206
25/03/2019;366.230011;52.08399963;46.21711349
26/03/2019;359.9700012;53.55400085;45.73962021
27/03/2019;353.3699951;54.9659996;46.15100479
28/03/2019;354.6099854;55.72399902;46.21221924
29/03/2019;356.5599976;55.97200012;46.51341629
1/04/2019;366.9599915;57.83599854;46.82930374
2/04/2019;367.7200012;57.17599869;47.51003647
3/04/2019;369.75;58.36199951;47.83573151
4/04/2019;367.8800049;53.55599976;47.91897202
5/04/2019;365.4899902;54.99200058;48.23975754
8/04/2019;361.4100037;54.63999939;48.99887085
9/04/2019;364.7099915;54.4620018;48.85194016
10/04/2019;363.9200134;55.2120018;49.126194
11/04/2019;367.6499939;53.68399811;48.71726227
12/04/2019;351.1400146;53.54000092;48.69766617
15/04/2019;348.8699951;53.27600098;48.78582001
16/04/2019;359.4599915;54.67200089;48.79072189
17/04/2019;354.7399902;54.24599838;49.74082565
18/04/2019;360.3500061;54.65200043;49.91958618
22/04/2019;377.3399963;52.54999924;50.08364487
23/04/2019;381.8900146;52.77999878;50.80602646
24/04/2019;374.230011;51.73199844;50.72766495
25/04/2019;368.3299866;49.52600098;50.26729965
26/04/2019;374.8500061;47.02799988;50.02732468
29/04/2019;371.8299866;48.29399872;50.10323715
30/04/2019;370.5400085;47.73799896;49.13843918
1/05/2019;378.8099976;46.80199814;51.55042648
2/05/2019;379.0599976;48.81999969;51.21495056
3/05/2019;385.0299988;51.00600052;51.85161972
6/05/2019;378.6700134;51.06800079;51.05089188
7/05/2019;370.4599915;49.41199875;49.67470932
8/05/2019;364.3699951;48.9679985;49.68449783
9/05/2019;362.75;48.39599991;49.15068436
10/05/2019;361.0400085;47.90399933;48.46978378
13/05/2019;345.2600098;45.40200043;45.65274048
14/05/2019;345.6099854;46.4620018;46.37543488
15/05/2019;354.9899902;46.38999939;46.93097305
16/05/2019;359.3099976;45.66600037;46.72449112
17/05/2019;354.4500122;42.20600128;46.45901108
20/05/2019;348.1099854;41.0719986;45.00624847
21/05/2019;354.269989;41.01599884;45.8690567
22/05/2019;359.730011;38.54600143;44.93004608
23/05/2019;352.2099915;39.09799957;44.1631012
24/05/2019;354.3900146;38.12599945;43.99348831
28/05/2019;355.0599976;37.74000168;43.81158447
29/05/2019;349.1900024;37.97200012;43.60264206
30/05/2019;351.8500061;37.64400101;43.82879257
31/05/2019;343.2799988;37.0320015;43.03481674
3/06/2019;336.6300049;35.79399872;42.59972
4/06/2019;353.3999939;38.72000122;44.15818405
5/06/2019;355.730011;39.31800079;44.87104416
6/06/2019;357.1300049;41.18999863;45.52982712
7/06/2019;360.8699951;40.90000153;46.74169922
10/06/2019;352.0100098;42.57600021;47.33903122
11/06/2019;351.269989;43.41999817;47.88719559
12/06/2019;345.5599976;41.85200119;47.73478699
13/06/2019;343.4299927;42.7820015;47.72495651
14/06/2019;339.730011;42.98400116;47.37836838
17/06/2019;350.6199951;45.00600052;47.66104507
18/06/2019;357.1199951;44.94800186;48.78196716
19/06/2019;363.519989;45.2859993;48.63938904
20/06/2019;365.2099915;43.92399979;49.03023529
21/06/2019;369.2099915;44.37200165;48.86307907
24/06/2019;371.0400085;44.72800064;48.81391907
25/06/2019;360.2999878;43.95199966;48.07402039
26/06/2019;362.2000122;43.85400009;49.11381149
27/06/2019;370.019989;44.56800079;49.09906387
28/06/2019;367.3200073;44.69200134;48.65167999
1/07/2019;374.6000061;45.43399811;49.54398346
2/07/2019;375.4299927;44.90999985;49.83404922
3/07/2019;381.7200012;46.97999954;50.24702072
5/07/2019;380.5499878;46.61999893;50.20277405
8/07/2019;376.1600037;46.06800079;49.16789246
9/07/2019;379.9299927;46.01200104;49.46778488
10/07/2019;381;47.7840004;49.95695496
11/07/2019;379.5;47.72000122;49.59315491
12/07/2019;373.25;49.01599884;49.97416306
15/07/2019;366.6000061;50.70000076;50.44367981
16/07/2019;365.9899902;50.47600174;50.26914215
17/07/2019;362.4400024;50.97200012;49.98646164
18/07/2019;325.2099915;50.70800018;50.55429077
19/07/2019;315.1000061;51.63600159;49.79964066
22/07/2019;310.6199951;51.13600159;50.93775558
23/07/2019;307.2999878;52.0340004;51.33597565
24/07/2019;317.9400024;52.97600174;51.29418945
25/07/2019;326.4599915;45.76399994;50.8885994
26/07/2019;335.7799988;45.60800171;51.06558609
29/07/2019;332.7000122;47.15399933;51.5424614
30/07/2019;325.9299927;48.45199966;51.32123184
31/07/2019;322.9899902;48.3219986;52.36839676
1/08/2019;319.5;46.77000046;51.23519135
2/08/2019;318.8299866;46.86800003;50.15115738
5/08/2019;307.6300049;45.66400146;47.5258522
6/08/2019;310.1000061;46.15000153;48.42552948
7/08/2019;304.2900085;46.68399811;48.92699432
8/08/2019;315.8999939;47.65999985;50.00612259
9/08/2019;308.9299927;47.0019989;49.59405136
12/08/2019;310.8299866;45.80199814;49.46820831
13/08/2019;312.2799988;47;51.56310654
14/08/2019;299.1099854;43.92399979;50.02832794
15/08/2019;295.7600098;43.12799835;49.77910995
16/08/2019;302.7999878;43.98799896;50.95363617
19/08/2019;309.3800049;45.36600113;51.90362549
20/08/2019;298.9899902;45.17200089;51.90608978
21/08/2019;297.8099976;44.16600037;52.46867752
22/08/2019;296.9299927;44.43000031;52.424263
23/08/2019;291.4400024;42.27999878;50.00118637
26/08/2019;294.980011;43;50.95117188
27/08/2019;291.0299988;42.81600189;50.37624359
28/08/2019;291.769989;43.11800003;50.71429062
29/08/2019;296.7799988;44.34199905;51.57297516
30/08/2019;293.75;45.12200165;51.50635529
3/09/2019;289.2900085;45.0019989;50.75623322
4/09/2019;291.519989;44.13600159;51.61738968
5/09/2019;293.25;45.91600037;52.62659454
6/09/2019;290.1700134;45.49000168;52.62165833
9/09/2019;294.3399963;46.35800171;52.84619904
10/09/2019;287.9899902;47.10800171;53.47047043
11/09/2019;288.269989;49.41999817;55.17057037
12/09/2019;288.8599854;49.17399979;55.04719543
13/09/2019;294.1499939;49.04000092;53.9763031
16/09/2019;294.2900085;48.56200027;54.2600708
17/09/2019;298.6000061;48.95800018;54.45746994
18/09/2019;291.5599976;48.69800186;54.96823502
19/09/2019;286.6000061;49.31999969;54.52162552
20/09/2019;270.75;48.12400055;53.72462463
23/09/2019;265.9200134;48.24599838;53.9689064
24/09/2019;254.5899963;44.64199829;53.71228409
25/09/2019;264.75;45.74000168;54.53889847
26/09/2019;263.3099976;48.51200104;54.25760269
27/09/2019;263.0799866;48.42599869;53.99358749
30/09/2019;267.6199951;48.17399979;55.26433945
1/10/2019;269.5799866;48.93799973;55.41732025
2/10/2019;268.0299988;48.62599945;54.02812576
3/10/2019;268.1499939;46.60599899;54.48707962
4/10/2019;272.7900085;46.2859993;56.01445389
7/10/2019;274.4599915;47.54399872;56.02679443
8/10/2019;270.7200012;48.00999832;55.37043762
9/10/2019;267.5299988;48.90599823;56.01939011
10/10/2019;280.480011;48.94800186;56.77444458
11/10/2019;282.9299927;49.57799911;58.2845459
14/10/2019;285.5299988;51.39199829;58.20064545
15/10/2019;284.25;51.57799911;58.06494141
16/10/2019;286.2799988;51.95000076;57.83052826
17/10/2019;293.3500061;52.39400101;58.05506516
18/10/2019;275.2999878;51.38999939;58.33390045
21/10/2019;278.0499878;50.70000076;59.34556198
22/10/2019;266.6900024;51.11600113;59.20985794
23/10/2019;271.269989;50.93600082;60.00438309
24/10/2019;271.5;59.93600082;60.10308075
25/10/2019;276.8200073;65.62599945;60.8433342
28/10/2019;281.8599854;65.54199982;61.45279694
29/10/2019;281.2099915;63.24399948;60.03152847
30/10/2019;291.4500122;63.0019989;60.02412415
31/10/2019;287.4100037;62.98400116;61.38124084
1/11/2019;286.8099976;62.66199875;63.12329483
4/11/2019;292.8599854;63.49399948;63.53782654
5/11/2019;288.0299988;63.44400024;63.4465332
6/11/2019;288.5899963;65.31600189;63.47367477
7/11/2019;289.5700073;67.10800171;64.20624542
8/11/2019;291.5700073;67.4280014;64.38195801
11/11/2019;294.1799927;69.01799774;64.8917923
12/11/2019;292.0100098;69.98600006;64.8323822
13/11/2019;283.1099854;69.22200012;65.45359039
14/11/2019;289.6199951;69.87000275;65.00069427
15/11/2019;295.0299988;70.43399811;65.77285004
18/11/2019;302.5700073;69.9980011;66.10449219
19/11/2019;302.6000061;71.90399933;65.90401459
20/11/2019;305.1600037;70.44400024;65.13680267
21/11/2019;311.6900024;70.96600342;64.84477234
22/11/2019;310.480011;66.60800171;64.78783417
25/11/2019;315.5499878;67.26799774;65.92381287
26/11/2019;312.4899902;65.78399658;65.40903473
27/11/2019;315.9299927;66.25800323;66.2876358
29/11/2019;314.6600037;65.98799896;66.14160156
2/12/2019;309.9899902;66.97399902;65.3768692
3/12/2019;306.1600037;67.23999786;64.21118927
4/12/2019;304.3200073;66.60600281;64.77793884
5/12/2019;302.8599854;66.0739975;65.72829437
6/12/2019;307.3500061;67.1780014;66.9979248
9/12/2019;302.5;67.90599823;66.05994415
10/12/2019;293.1199951;69.76799774;66.44602203
11/12/2019;298.9299927;70.54000092;67.01276398
12/12/2019;298.4400024;71.93599701;67.18354797
13/12/2019;298.5;71.6780014;68.09677124
16/12/2019;304.2099915;76.30000305;69.2624588
17/12/2019;315.480011;75.79799652;69.39857483
18/12/2019;320.7999878;78.62999725;69.23274994
19/12/2019;332.2200012;80.80799866;69.30204773
20/12/2019;336.8999939;81.11799622;69.1585083
23/12/2019;333.1000061;83.84400177;70.2870636
24/12/2019;333.2000122;85.05000305;70.35388184
26/12/2019;332.6300049;86.18800354;71.74973297
27/12/2019;329.0899963;86.0759964;71.7224884
30/12/2019;323.3099976;82.94000244;72.1481781
31/12/2019;323.5700073;83.66600037;72.67533875
2/01/2020;329.8099976;86.05200195;74.33351135
3/01/2020;325.8999939;88.60199738;73.61083984
6/01/2020;335.8299866;90.30799866;74.19739532
7/01/2020;330.75;93.81199646;73.84844208
8/01/2020;339.2600098;98.4280014;75.03638458
9/01/2020;335.6600037;96.26799774;76.63021851
10/01/2020;329.0499878;95.62999725;76.80345917
13/01/2020;338.9200134;104.9720001;78.44432068
14/01/2020;338.6900024;107.5839996;77.38506317
15/01/2020;339.0700073;103.6999969;77.05342865
16/01/2020;338.6199951;102.697998;78.01863098
17/01/2020;339.6700134;102.0999985;78.88237
21/01/2020;338.1099854;109.4400024;78.34780121
22/01/2020;326;113.9120026;78.62746429
23/01/2020;349.6000061;114.4400024;79.00611877
24/01/2020;353.1600037;112.9639969;78.77843475
27/01/2020;342.8800049;111.6039963;76.46192932
28/01/2020;348.519989;113.3799973;78.62499237
29/01/2020;343.1600037;116.197998;80.2707901
30/01/2020;347.7399902;128.1620026;80.15447235
31/01/2020;345.0899963;130.1139984;76.60051727
3/02/2020;358;156;76.39015961
4/02/2020;369.0100098;177.4120026;78.91207886
5/02/2020;369.6700134;146.9400024;79.55554962
6/02/2020;366.9500122;149.7920074;80.48610687
7/02/2020;366.769989;149.6139984;79.39208984
10/02/2020;371.0700073;154.2559967;79.76916504
11/02/2020;373.6900024;154.8760071;79.28788757
12/02/2020;380.0100098;153.4579926;81.17079926
13/02/2020;381.3999939;160.8000031;80.59277344
14/02/2020;380.3999939;160.0059967;80.61262512
18/02/2020;387.7799988;171.6799927;79.13656616
19/02/2020;386.1900024;183.4839935;80.28268433
20/02/2020;386;179.8820038;79.4590683
21/02/2020;380.0700073;180.1999969;77.6605072
24/02/2020;368.7000122;166.7579956;73.97160339
25/02/2020;360.0899963;159.9819946;71.46601868
26/02/2020;379.2399902;155.7599945;72.59973907
27/02/2020;371.7099915;135.8000031;67.85401917
28/02/2020;369.0299988;133.5980072;67.81433105
2/03/2020;381.0499878;148.723999;74.12789154
3/03/2020;368.769989;149.102005;71.77363586
4/03/2020;383.7900085;149.8999939;75.10282898
5/03/2020;372.7799988;144.9080048;72.66672516
6/03/2020;368.9700012;140.6959991;71.70170593
9/03/2020;346.4899902;121.5999985;66.03065491
10/03/2020;364.1300049;129.0659943;70.78630066
11/03/2020;349.9200134;126.8460007;68.32785797
12/03/2020;315.25;112.1100006;61.58015823
13/03/2020;336.2999878;109.3239975;68.95796967
16/03/2020;298.8399963;89.01399994;60.08673096
17/03/2020;319.75;86.04000092;62.72875214
18/03/2020;315.4700012;72.2440033;61.1931572
19/03/2020;332.0299988;85.52799988;60.72429276
20/03/2020;332.8299866;85.5059967;56.86917877
23/03/2020;360.269989;86.85800171;55.66104126
24/03/2020;357.3200073;101;61.24525833
25/03/2020;342.3900146;107.8499985;60.90787125
26/03/2020;362.9899902;105.6320038;64.11302948
27/03/2020;357.1199951;102.8720016;61.45860291
30/03/2020;370.9599915;100.4260025;63.21250153
31/03/2020;375.5;104.8000031;63.08350372
1/04/2020;364.0799866;96.31199646;59.76424026
2/04/2020;370.0799866;90.89399719;60.76150131
3/04/2020;361.7600098;96.0019989;59.88827515
6/04/2020;379.9599915;103.2480011;65.11277008
7/04/2020;372.2799988;109.0899963;64.35862732
8/04/2020;371.1199951;109.7679977;66.00585175
9/04/2020;370.7200012;114.5999985;66.48215485
13/04/2020;396.7200012;130.1900024;67.78704071
14/04/2020;413.5499878;141.9779968;71.210495
15/04/2020;426.75;145.9660034;70.56053925
16/04/2020;439.1700134;149.0420074;71.12120056
17/04/2020;422.9599915;150.7779999;70.15617371
20/04/2020;437.4899902;149.2720032;68.69997406
21/04/2020;433.8299866;137.3439941;66.57642365
22/04/2020;421.4200134;146.4219971;68.49406433
23/04/2020;426.7000122;141.1260071;68.22862244
24/04/2020;424.9899902;145.0299988;70.198349
27/04/2020;421.3800049;159.75;70.24797058
28/04/2020;403.8299866;153.8240051;69.10929871
29/04/2020;411.8900146;160.102005;71.37919617
30/04/2020;419.8500061;156.3760071;72.88502502
1/05/2020;415.269989;140.2640076;71.71163177
4/05/2020;428.1499939;152.2380066;72.72626495
5/05/2020;424.6799927;153.6419983;73.81780243
6/05/2020;434.2600098;156.5160065;74.57939148
7/05/2020;436.5299988;156.0079956;75.350914
8/05/2020;435.5499878;163.8840027;77.14439392
11/05/2020;440.519989;162.2579956;78.358284
12/05/2020;431.8200073;161.8820038;77.46279144
13/05/2020;438.269989;158.1920013;76.52749634
14/05/2020;441.9500122;160.6660004;76.99763489
15/05/2020;454.1900024;159.8339996;76.5424118
18/05/2020;452.5799866;162.7259979;78.34584808
19/05/2020;451.0400085;161.602005;77.89312744
20/05/2020;447.6700134;163.1119995;79.40800476
21/05/2020;436.25;165.5200043;78.815979
22/05/2020;429.3200073;163.3760071;79.32343292
26/05/2020;414.769989;163.7740021;78.78613281
27/05/2020;419.8900146;164.0460052;79.12940216
28/05/2020;413.4400024;161.1620026;79.16423035
29/05/2020;419.730011;167;79.08712006
1/06/2020;425.9200134;179.6199951;80.0597229
2/06/2020;427.3099976;176.3119965;80.43035126
3/06/2020;421.9700012;176.5919952;80.8731308
4/06/2020;414.3299866;172.8760071;80.17663574
5/06/2020;419.6000061;177.1320038;82.46015167
8/06/2020;419.4899902;189.9839935;82.94768524
9/06/2020;434.0499878;188.1340027;85.56700897
10/06/2020;434.480011;205.0099945;87.76844025
11/06/2020;425.5599976;194.5679932;83.55464172
12/06/2020;418.0700073;187.0559998;84.27600861
15/06/2020;425.5;198.1799927;85.31826019
16/06/2020;436.1300049;196.4259949;87.57939148
17/06/2020;447.769989;198.3580017;87.45750427
18/06/2020;449.8699951;200.7920074;87.49233246
19/06/2020;453.7200012;200.1799927;86.99234772
22/06/2020;468.0400085;198.8639984;89.26839447
23/06/2020;466.2600098;200.3560028;91.17380524
24/06/2020;457.8500061;192.1699982;89.56440735
25/06/2020;465.9100037;197.1959991;90.7534256
26/06/2020;443.3999939;191.947998;87.96495056
29/06/2020;447.2399902;201.8699951;89.99225616
30/06/2020;455.0400085;215.9620056;90.74346924
1/07/2020;485.6400146;223.9259949;90.57183838
2/07/2020;476.8900146;241.7319946;90.57183838
6/07/2020;493.8099976;274.3160095;92.99465179
7/07/2020;493.1600037;277.9719849;92.70609283
8/07/2020;502.7799988;273.1759949;94.86523438
9/07/2020;507.7600098;278.8559875;95.27319336
10/07/2020;548.7299805;308.9299927;95.43984222
13/07/2020;525.5;299.4119873;94.9995575
14/07/2020;524.8800049;303.3599854;96.57165527
15/07/2020;523.2600098;309.2019958;97.23580933
16/07/2020;527.3900146;300.1279907;96.03932953
17/07/2020;492.9899902;300.1679993;95.84529877
20/07/2020;502.4100037;328.6000061;97.86514282
21/07/2020;490.1000061;313.6719971;96.51444244
22/07/2020;489.8200073;318.4660034;96.78556824
23/07/2020;477.5799866;302.6140137;92.38023376
24/07/2020;480.4500122;283.3999939;92.15138245
27/07/2020;495.6499939;307.9200134;94.33539581
28/07/2020;488.5100098;295.2980042;92.78570557
29/07/2020;484.480011;299.821991;94.56424713
30/07/2020;485.7999878;297.4979858;95.70849609
31/07/2020;488.8800049;286.1520081;105.7280884
3/08/2020;498.6199951;297;108.3921814
4/08/2020;509.6400146;297.3999939;109.1160431
5/08/2020;502.1099854;297.0039978;109.5115509
6/08/2020;509.0799866;297.9159851;113.3323288
7/08/2020;494.730011;290.5419922;110.7556381
10/08/2020;483.3800049;283.7139893;112.365448
11/08/2020;466.9299927;274.8779907;109.0237045
12/08/2020;475.4700012;310.9519958;112.6470413
13/08/2020;481.3299866;324.2000122;114.6406097
14/08/2020;482.6799927;330.1419983;114.5384445
17/08/2020;482.3500061;367.1279907;114.2394028
18/08/2020;491.8699951;377.4179993;115.1913376
19/08/2020;484.5299988;375.7059937;115.3358688
20/08/2020;497.8999939;400.3659973;117.8951263
21/08/2020;492.3099976;409.9960022;123.9705505
24/08/2020;488.8099976;402.8399963;125.45327
25/08/2020;490.5799866;404.6679993;124.4240875
26/08/2020;547.5300293;430.6340027;126.1161346
27/08/2020;526.2700195;447.75;124.6084976
28/08/2020;523.8900146;442.6799927;124.4066467
31/08/2020;529.5599976;498.3200073;128.6255493
1/09/2020;556.5499878;475.0499878;133.7490387
2/09/2020;552.8400269;447.3699951;130.9779663
3/09/2020;525.75;407;120.4917526
4/09/2020;516.0499878;418.3200073;120.5715027
8/09/2020;507.019989;330.2099915;112.4576492
9/09/2020;500.1900024;366.2799988;116.9431915
10/09/2020;480.6700134;371.3399963;113.1254959
11/09/2020;482.0299988;372.7200012;111.6402817
14/09/2020;476.2600098;419.6199951;114.9894867
15/09/2020;495.9899902;449.7600098;115.1689148
16/09/2020;483.8599854;441.7600098;111.7698593
17/09/2020;470.2000122;423.4299927;109.985611
18/09/2020;469.9599915;442.1499939;106.4968491
21/09/2020;487.3500061;449.3900146;109.7264481
22/09/2020;491.1700134;424.230011;111.450882
23/09/2020;470.6099854;380.3599854;106.7759628
24/09/2020;473.0799866;387.7900085;107.8724213
25/09/2020;482.8800049;407.3399963;111.9193726
28/09/2020;490.6499939;421.2000122;114.5907669
29/09/2020;493.480011;419.0700073;113.7235641
30/09/2020;500.0299988;429.0100098;115.4380417
1/10/2020;527.5100098;448.1600037;116.4148941
2/10/2020;503.0599976;415.0899963;112.6570053
5/10/2020;520.6500244;425.6799927;116.125824
6/10/2020;505.8699951;413.980011;112.7965546
7/10/2020;534.6599731;425.2999878;114.7103882
8/10/2020;531.789978;425.9200134;114.6007385
9/10/2020;539.4400024;434;116.5943146
12/10/2020;539.8099976;442.2999878;124.0004578
13/10/2020;554.0900269;446.6499939;120.7110443
14/10/2020;541.4500122;461.2999878;120.800766
15/10/2020;541.9400024;448.8800049;120.3223038
16/10/2020;530.789978;439.6700134;118.6377258
19/10/2020;530.7199707;430.8299866;115.6074982
20/10/2020;525.4199829;421.9400024;117.1325912
21/10/2020;489.0499878;422.6400146;116.4946442
22/10/2020;485.230011;425.7900085;115.3782349
23/10/2020;488.2799988;420.6300049;114.670517
26/10/2020;488.2399902;420.2799988;114.6804886
27/10/2020;488.9299927;424.6799927;116.2255096
28/10/2020;486.2399902;406.019989;110.8428497
29/10/2020;504.2099915;410.8299866;114.9496155
30/10/2020;475.7399902;388.0400085;108.5103607
2/11/2020;484.1199951;400.5100098;108.4206543
3/11/2020;487.2200012;423.8999939;110.085289
4/11/2020;496.9500122;420.980011;114.5808029
5/11/2020;513.7600098;438.0899963;118.6476974
6/11/2020;514.7299805;429.9500122;118.5129089
9/11/2020;470.5;421.2600098;116.1464386
10/11/2020;480.2399902;410.3599854;115.7969666
11/11/2020;490.7600098;417.1300049;119.3117065
12/11/2020;486.769989;411.7600098;119.0321274
13/11/2020;482.8399963;408.5;119.0820541
16/11/2020;479.1000061;408.0899963;120.1205063
17/11/2020;480.6300049;441.6099854;119.2118607
18/11/2020;481.7900085;486.6400146;117.8538895
19/11/2020;484.6700134;499.269989;118.4629822
20/11/2020;488.2399902;489.6099854;117.164917
23/11/2020;476.6199951;521.8499756;113.6801224
24/11/2020;482.8800049;555.3800049;114.9981537
25/11/2020;485;574;115.8568726
27/11/2020;491.3599854;585.7600098;116.4160309
30/11/2020;490.7000122;567.5999756;118.8723679
1/12/2020;504.5799866;584.7600098;122.5368958
2/12/2020;503.3800049;568.8200073;122.8963547
3/12/2020;497.519989;593.3800049;122.7565689
4/12/2020;498.3099976;599.039978;122.0675964
7/12/2020;515.7800293;641.7600098;123.5653534
8/12/2020;512.6599731;649.8800049;124.1944122
9/12/2020;493.6000061;604.4799805;121.5982895
10/12/2020;501.0899963;627.0700073;123.0561142
11/12/2020;503.2200012;609.9899902;122.227356
14/12/2020;522.4199829;639.8300171;121.5982895
15/12/2020;519.7800293;633.25;127.6891861
16/12/2020;524.8300171;622.7700195;127.6192932
17/12/2020;532.9000244;655.9000244;128.5079651
18/12/2020;534.4500122;695;126.4710159
21/12/2020;528.9099731;649.8599854;128.0386658
22/12/2020;527.3300171;640.3400269;131.6832275
23/12/2020;514.4799805;645.9799805;130.7646027
24/12/2020;513.9699707;661.7700195;131.7730865
28/12/2020;519.1199951;663.6900024;136.4860535
29/12/2020;530.8699951;665.9899902;134.6687622
30/12/2020;524.5900269;694.7800293;133.5204773
31/12/2020;540.7299805;705.6699829;132.4920197
4/01/2021;522.8599854;729.7700195;129.2169189
5/01/2021;520.7999878;735.1099854;130.8145142
6/01/2021;500.4899902;755.9799805;126.4111023
7/01/2021;508.8900146;816.039978;130.7246552
8/01/2021;510.3999939;880.0200195;131.8529663
11/01/2021;499.1000061;811.1900024;128.7875519
12/01/2021;494.25;849.4400024;128.6078186
13/01/2021;507.7900085;854.4099731;130.6947021
14/01/2021;500.8599854;845;128.7176666
15/01/2021;497.980011;826.1599731;126.9502945
19/01/2021;501.769989;844.5499878;127.639267
20/01/2021;586.3400269;850.4500122;131.8329926
21/01/2021;579.8400269;844.9899902;136.6657715
22/01/2021;565.1699829;846.6400146;138.8625031
25/01/2021;556.7800293;880.7999878;142.7067566
26/01/2021;561.9299927;883.0900269;142.9463959
27/01/2021;523.2800293;864.1599731;141.8480377
28/01/2021;538.5999756;835.4299927;136.8854523
29/01/2021;532.3900146;793.5300293;131.7631073
1/02/2021;539.039978;839.8099976;133.9398499
2/02/2021;548.1599731;872.789978;134.7885895
3/02/2021;539.4500122;854.6900024;133.7401581
4/02/2021;552.1599731;849.9899902;137.1849976
5/02/2021;550.789978;852.2299805;136.7599945
8/02/2021;547.9199829;863.4199829;136.9100037
9/02/2021;559.0700073;849.460022;136.0099945
10/02/2021;563.5900269;804.8200073;135.3899994
11/02/2021;557.5900269;811.6599731;135.1300049
12/02/2021;556.5200195;816.1199951;135.3699951
16/02/2021;557.2800293;796.2199707;133.1900024
17/02/2021;551.3400269;798.1500244;130.8399963
18/02/2021;548.2199707;787.3800049;129.7100067
19/02/2021;540.2199707;781.2999878;129.8699951
22/02/2021;533.7800293;714.5;126
23/02/2021;546.1500244;698.8400269;125.8600006
24/02/2021;553.4099731;742.0200195;125.3499985
25/02/2021;546.7000122;682.2199707;120.9899979
26/02/2021;538.8499756;675.5;121.2600021
1/03/2021;550.6400146;718.4299927;127.7900009
2/03/2021;547.8200073;686.4400024;125.1200027
3/03/2021;520.7000122;653.2000122;122.0599976
4/03/2021;511.2900085;621.4400024;120.1299973
5/03/2021;516.3900146;597.9500122;121.4199982
8/03/2021;493.3299866;563;116.3600006
9/03/2021;506.4400024;673.5800171;121.0899963
10/03/2021;504.5400085;668.0599976;119.9800034
11/03/2021;523.0599976;699.5999756;121.9599991
12/03/2021;518.0200195;693.7299805;121.0299988
15/03/2021;520.25;707.9400024;123.9899979
16/03/2021;524.0300293;676.8800049;125.5699997
17/03/2021;524.4400024;701.8099976;124.7600021
18/03/2021;504.7900085;653.1599731;120.5299988
19/03/2021;512.1799927;654.8699951;119.9899979
22/03/2021;523.1099854;670;123.3899994
23/03/2021;535.0900269;662.1599731;122.5400009
24/03/2021;520.8099976;630.2700195;120.0899963
25/03/2021;502.8599854;640.3900146;120.5899963
26/03/2021;508.0499878;618.710022;121.2099991
29/03/2021;513.9500122;611.289978;121.3899994
30/03/2021;513.3900146;635.6199951;119.9000015
31/03/2021;521.6599731;667.9299927;122.1500015
1/04/2021;539.4199829;661.75;123
