Date;NFLX;TSLA;AAPL
2016-01-04;109.95999908447266;44.68199920654297;24.36453628540039
2016-01-05;107.66000366210938;44.68600082397461;23.753976821899414
2016-01-06;117.68000030517578;43.80799865722656;23.28911590576172
2016-01-07;114.55999755859375;43.130001068115234;22.30620765686035
2016-01-08;111.38999938964844;42.20000076293945;22.42415428161621
2016-01-11;114.97000122070312;41.56999969482422;22.78725814819336
2016-01-12;116.58000183105469;41.99399948120117;23.11797523498535
2016-01-13;106.55999755859375;40.0620002746582;22.523605346679688
2016-01-14;107.05999755859375;41.236000061035156;23.016216278076172
2016-01-15;104.04000091552734;40.99800109863281;22.463472366333008
2016-01-19;107.88999938964844;40.944000244140625;22.354780197143555
2016-01-20;107.73999786376953;39.7400016784668;22.384841918945312
2016-01-21;102.3499984741211;39.99399948120117;22.271520614624023
2016-01-22;100.72000122070312;40.5099983215332;23.45563316345215
2016-01-25;99.12000274658203;39.2760009765625;22.997716903686523
2016-01-26;97.83000183105469;38.71200180053711;23.124914169311523
2016-01-27;91.1500015258789;37.61399841308594;21.605453491210938
2016-01-28;94.41000366210938;37.939998626708984;21.76041030883789
2016-01-29;91.83999633789062;38.2400016784668;22.512041091918945
2016-02-01;94.08999633789062;39.38800048828125;22.30158233642578
2016-02-02;91.48999786376953;36.555999755859375;21.850603103637695
2016-02-03;90.73999786376953;34.69599914550781;22.283084869384766
2016-02-04;89.70999908447266;35.066001892089844;22.462125778198242
2016-02-05;82.79000091552734;32.52000045776367;21.86220932006836
2016-02-08;83.31999969482422;29.597999572753906;22.092409133911133
2016-02-09;86.12999725341797;29.649999618530273;22.087757110595703
2016-02-10;88.44999694824219;28.733999252319336;21.920339584350586
2016-02-11;86.3499984741211;30.0939998626709;21.787796020507812
2016-02-12;87.4000015258789;30.20800018310547;21.85523223876953
2016-02-16;89.05000305175781;31.034000396728516;22.47142791748047
2016-02-17;94.76000213623047;33.736000061035156;22.81556510925293
2016-02-18;90.48999786376953;33.354000091552734;22.38306999206543
2016-02-19;89.2300033569336;33.316001892089844;22.33191680908203
2016-02-22;91.93000030517578;35.54800033569336;22.527231216430664
2016-02-23;89.12000274658203;35.44200134277344;22.018001556396484
2016-02-24;91.61000061035156;35.79999923706055;22.345863342285156
2016-02-25;94.52999877929688;37.486000061035156;22.499330520629883
2016-02-26;94.79000091552734;38.06800079345703;22.534208297729492
2016-02-29;93.41000366210938;38.38600158691406;22.483057022094727
2016-03-01;98.30000305175781;37.27000045776367;23.37596321105957
2016-03-02;97.61000061035156;37.667999267578125;23.42711639404297
2016-03-03;97.93000030517578;39.14799880981445;23.601511001586914
2016-03-04;101.58000183105469;40.20800018310547;23.952627182006836
2016-03-07;95.48999786376953;41.05799865722656;23.687551498413086
2016-03-08;96.2300033569336;40.52000045776367;23.492223739624023
2016-03-09;98.0;41.74399948120117;23.513154983520508
2016-03-10;97.36000061035156;41.0359992980957;23.5247745513916
2016-03-11;97.66000366210938;41.5;23.778234481811523
2016-03-14;98.12999725341797;43.029998779296875;23.838687896728516
2016-03-15;97.86000061035156;43.667999267578125;24.31770133972168
2016-03-16;99.3499984741211;44.38600158691406;24.640911102294922
2016-03-17;99.72000122070312;45.2760009765625;24.60137939453125
2016-03-18;101.12000274658203;46.54800033569336;24.629283905029297
2016-03-21;101.05999755859375;47.66400146484375;24.6269588470459
2016-03-22;99.83999633789062;46.847999572753906;24.8153018951416
2016-03-23;99.58999633789062;44.51599884033203;24.678110122680664
2016-03-24;98.36000061035156;45.54999923706055;24.571147918701172
2016-03-28;101.20999908447266;46.051998138427734;24.45953369140625
2016-03-29;104.12999725341797;46.0260009765625;25.03852653503418
2016-03-30;102.19000244140625;45.37799835205078;25.475679397583008
2016-03-31;102.2300033569336;45.95399856567383;25.343137741088867
2016-04-01;105.69999694824219;47.518001556396484;25.575666427612305
2016-04-04;104.3499984741211;49.39799880981445;25.838420867919922
2016-04-05;104.94000244140625;51.09400177001953;25.533809661865234
2016-04-06;104.83000183105469;53.08399963378906;25.80121612548828
2016-04-07;104.44999694824219;51.439998626708984;25.238500595092773
2016-04-08;103.80999755859375;50.013999938964844;25.266407012939453
2016-04-11;102.68000030517578;49.98400115966797;25.350114822387695
2016-04-12;106.9800033569336;49.56399917602539;25.68030548095703
2016-04-13;109.6500015258789;50.90599822998047;26.052345275878906
2016-04-14;110.41999816894531;50.37200164794922;26.06629753112793
2016-04-15;111.51000213623047;50.902000427246094;25.54311180114746
2016-04-18;108.4000015258789;50.7760009765625;24.992023468017578
2016-04-19;94.33999633789062;49.4739990234375;24.85948371887207
2016-04-20;96.7699966430664;49.99399948120117;24.910642623901367
2016-04-21;94.9800033569336;49.65800094604492;24.640911102294922
2016-04-22;95.9000015258789;50.75;24.57347869873047
2016-04-25;93.55999755859375;50.36399841308594;24.4339599609375
2016-04-26;92.43000030517578;50.74800109863281;24.264211654663086
2016-04-27;91.04000091552734;50.29399871826172;22.745811462402344
2016-04-28;90.27999877929688;49.54199981689453;22.05055809020996
2016-04-29;90.02999877929688;48.152000427246094;21.797100067138672
2016-05-02;93.11000061035156;48.36000061035156;21.773847579956055
2016-05-03;91.54000091552734;46.4640007019043;22.13193702697754
2016-05-04;90.79000091552734;44.512001037597656;21.90174102783203
2016-05-05;89.37000274658203;42.305999755859375;21.81283950805664
2016-05-06;90.83999633789062;42.986000061035156;21.69118881225586
2016-05-09;90.54000091552734;41.784000396728516;21.707569122314453
2016-05-10;92.88999938964844;41.737998962402344;21.854948043823242
2016-05-11;90.0199966430664;41.79199981689453;21.642059326171875
2016-05-12;87.73999786376953;41.45600128173828;21.134403228759766
2016-05-13;87.87999725341797;41.52199935913086;21.176513671875
2016-05-16;89.12000274658203;41.65800094604492;21.962560653686523
2016-05-17;88.62999725341797;40.93199920654297;21.871320724487305
2016-05-18;90.5;42.23400115966797;22.12164306640625
2016-05-19;89.55000305175781;43.04199981689453;22.03742790222168
2016-05-20;92.48999786376953;44.055999755859375;22.276042938232422
2016-05-23;94.88999938964844;43.24399948120117;22.55911636352539
2016-05-24;97.88999938964844;43.582000732421875;22.90301513671875
2016-05-25;100.19999694824219;43.91600036621094;23.305397033691406
2016-05-26;102.80999755859375;45.02399826049805;23.49021339416504
2016-05-27;103.30000305175781;44.608001708984375;23.476171493530273
2016-05-31;102.56999969482422;44.645999908447266;23.361541748046875
2016-06-01;101.51000213623047;43.9119987487793;23.03402328491211
2016-06-02;101.25;43.79199981689453;22.860904693603516
2016-06-03;99.58999633789062;43.79800033569336;22.907691955566406
2016-06-06;100.73999786376953;44.13600158691406;23.073789596557617
2016-06-07;99.88999938964844;46.46799850463867;23.167369842529297
2016-06-08;97.86000061035156;47.104000091552734;23.146316528320312
2016-06-09;97.08999633789062;45.87200164794922;23.31241226196289
2016-06-10;93.75;43.757999420166016;23.12057876586914
2016-06-13;93.8499984741211;43.57400131225586;22.772001266479492
2016-06-14;94.12000274658203;42.992000579833984;22.80007553100586
2016-06-15;94.29000091552734;43.540000915527344;22.725215911865234
2016-06-16;95.44000244140625;43.58599853515625;22.821134567260742
2016-06-17;94.44999694824219;43.09400177001953;22.30178451538086
2016-06-20;93.80000305175781;43.939998626708984;22.24797821044922
2016-06-21;90.98999786376953;43.922000885009766;22.437467575073242
2016-06-22;90.01000213623047;39.332000732421875;22.353246688842773
2016-06-23;91.66000366210938;39.279998779296875;22.481914520263672
2016-06-24;88.44000244140625;38.630001068115234;21.850271224975586
2016-06-27;85.33000183105469;39.709999084472656;21.5321102142334
2016-06-28;87.97000122070312;40.358001708984375;21.89472198486328
2016-06-29;91.05999755859375;42.03799819946289;22.084213256835938
2016-06-30;91.4800033569336;42.45600128173828;22.364946365356445
2016-07-01;96.66999816894531;43.29999923706055;22.432790756225586
2016-07-05;97.91000366210938;42.79600143432617;22.222238540649414
2016-07-06;94.5999984741211;42.88800048828125;22.348569869995117
2016-07-07;95.0999984741211;43.1879997253418;22.444482803344727
2016-07-08;97.05999755859375;43.35599899291992;22.617603302001953
2016-07-11;94.66999816894531;44.95600128173828;22.687780380249023
2016-07-12;95.97000122070312;44.93000030517578;22.790721893310547
2016-07-13;96.43000030517578;44.50600051879883;22.662050247192383
2016-07-14;98.0199966430664;44.305999755859375;23.111225128173828
2016-07-15;98.38999938964844;44.08000183105469;23.108884811401367
2016-07-18;98.80999755859375;45.25;23.354522705078125
2016-07-19;85.83999633789062;45.051998138427734;23.363882064819336
2016-07-20;87.91000366210938;45.672000885009766;23.38494300842285
2016-07-21;85.98999786376953;44.099998474121094;23.260948181152344
2016-07-22;85.88999938964844;44.45399856567383;23.080814361572266
2016-07-25;87.66000366210938;46.00199890136719;22.772001266479492
2016-07-26;91.41000366210938;45.902000427246094;22.61526107788086
2016-07-27;92.04000091552734;45.698001861572266;24.084423065185547
2016-07-28;91.6500015258789;46.12200164794922;24.409603118896484
2016-07-29;91.25;46.95800018310547;24.379188537597656
2016-08-01;94.37000274658203;46.00199890136719;24.809646606445312
2016-08-02;93.55999755859375;45.439998626708984;24.442359924316406
2016-08-03;93.0999984741211;45.15800094604492;24.748821258544922
2016-08-04;93.44000244140625;46.12200164794922;24.901708602905273
2016-08-05;97.02999877929688;46.00600051879883;25.280399322509766
2016-08-08;95.11000061035156;45.231998443603516;25.489734649658203
2016-08-09;93.98999786376953;45.816001892089844;25.593223571777344
2016-08-10;93.93000030517578;45.130001068115234;25.402708053588867
2016-08-11;95.88999938964844;44.981998443603516;25.38624382019043
2016-08-12;96.58999633789062;45.12200164794922;25.445039749145508
2016-08-15;95.30999755859375;45.11800003051758;25.750818252563477
2016-08-16;95.12000274658203;44.72200012207031;25.727296829223633
2016-08-17;96.37000274658203;44.64799880981445;25.689666748046875
2016-08-18;96.16000366210938;44.70199966430664;25.656736373901367
2016-08-19;95.87000274658203;45.0;25.72259521484375
2016-08-22;95.26000213623047;44.58599853515625;25.52266502380371
2016-08-23;95.94000244140625;44.96799850463867;25.60263442993164
2016-08-24;95.18000030517578;44.52399826049805;25.409765243530273
2016-08-25;97.31999969482422;44.19200134277344;25.301565170288086
2016-08-26;97.58000183105469;43.99800109863281;25.153379440307617
2016-08-29;97.30000305175781;43.040000915527344;25.12516212463379
2016-08-30;97.44999694824219;42.268001556396484;24.932287216186523
2016-08-31;97.44999694824219;42.402000427246094;24.955808639526367
2016-09-01;97.37999725341797;40.15399932861328;25.103992462158203
2016-09-02;97.37999725341797;39.555999755859375;25.339200973510742
2016-09-06;100.08999633789062;40.566001892089844;25.332143783569336
2016-09-07;99.1500015258789;40.34199905395508;25.487382888793945
2016-09-08;99.66000366210938;39.47200012207031;24.81938362121582
2016-09-09;96.5;38.89400100708008;24.257230758666992
2016-09-12;99.05000305175781;39.65999984741211;24.800569534301758
2016-09-13;96.08999633789062;39.209999084472656;25.390945434570312
2016-09-14;97.01000213623047;39.28200149536133;26.289451599121094
2016-09-15;97.33999633789062;40.08399963378906;27.18324851989746
2016-09-16;99.4800033569336;41.08000183105469;27.030363082885742
2016-09-19;98.05999755859375;41.268001556396484;26.715181350708008
2016-09-20;98.25;40.928001403808594;26.712825775146484
2016-09-21;94.87999725341797;41.04399871826172;26.70812225341797
2016-09-22;95.83000183105469;41.2859992980957;26.95979881286621
2016-09-23;95.94000244140625;41.4900016784668;26.510547637939453
2016-09-26;94.55999755859375;41.79800033569336;26.550533294677734
2016-09-27;97.06999969482422;41.1619987487793;26.599924087524414
2016-09-28;97.4800033569336;41.25400161743164;26.802207946777344
2016-09-29;96.66999816894531;40.13999938964844;26.38588523864746
2016-09-30;98.55000305175781;40.805999755859375;26.590518951416016
2016-10-03;102.62999725341797;42.7400016784668;26.465856552124023
2016-10-04;102.33999633789062;42.28200149536133;26.57875633239746
2016-10-05;106.27999877929688;41.69200134277344;26.590518951416016
2016-10-06;105.06999969482422;40.20000076293945;26.78809356689453
2016-10-07;104.81999969482422;39.321998596191406;26.828075408935547
2016-10-10;103.33000183105469;40.189998626708984;27.296154022216797
2016-10-11;100.58999633789062;40.02000045776367;27.35495376586914
2016-10-12;99.5;40.301998138427734;27.599573135375977
2016-10-13;100.2300033569336;40.04800033569336;27.514896392822266
2016-10-14;101.47000122070312;39.301998138427734;27.66777992248535
2016-10-17;99.80000305175781;38.79199981689453;27.64896583557129
2016-10-18;118.79000091552734;39.81999969482422;27.630149841308594
2016-10-19;121.87000274658203;40.71200180053711;27.547821044921875
2016-10-20;123.3499984741211;39.81999969482422;27.53371238708496
2016-10-21;127.5;40.018001556396484;27.42551612854004
2016-10-24;127.33000183105469;40.551998138427734;27.6724910736084
2016-10-25;126.51000213623047;40.46799850463867;27.813613891601562
2016-10-26;126.97000122070312;40.448001861572266;27.187952041625977
2016-10-27;126.47000122070312;40.801998138427734;26.926868438720703
2016-10-28;126.56999969482422;39.99399948120117;26.74810791015625
2016-10-31;124.87000274658203;39.54600143432617;26.705768585205078
2016-11-01;123.30000305175781;38.15800094604492;26.22359275817871
2016-11-02;122.33999633789062;37.604000091552734;26.24711036682129
2016-11-03;122.13999938964844;37.48400115966797;25.965776443481445
2016-11-04;122.02999877929688;38.11199951171875;25.731719970703125
2016-11-07;124.58000183105469;38.641998291015625;26.1028995513916
2016-11-08;124.33999633789062;38.987998962402344;26.256563186645508
2016-11-09;122.19000244140625;38.012001037597656;26.214012145996094
2016-11-10;115.41999816894531;37.06999969482422;25.483482360839844
2016-11-11;114.77999877929688;37.71200180053711;25.634788513183594
2016-11-14;113.37999725341797;36.290000915527344;24.991735458374023
2016-11-15;113.58999633789062;36.75400161743164;25.322717666625977
2016-11-16;115.19000244140625;36.7859992980957;26.003602981567383
2016-11-17;115.02999877929688;37.731998443603516;25.9941463470459
2016-11-18;115.20999908447266;37.00400161743164;26.0201473236084
2016-11-21;117.95999908447266;36.90399932861328;26.41497230529785
2016-11-22;118.04000091552734;38.23400115966797;26.4315185546875
2016-11-23;117.69000244140625;38.62799835205078;26.29676055908203
2016-11-25;117.41000366210938;39.33000183105469;26.42915153503418
2016-11-28;116.93000030517578;39.2239990234375;26.377140045166016
2016-11-29;117.51000213623047;37.91400146484375;26.351133346557617
2016-11-30;117.0;37.880001068115234;26.128902435302734
2016-12-01;117.22000122070312;36.375999450683594;25.885395050048828
2016-12-02;120.80999755859375;36.29399871826172;25.982322692871094
2016-12-05;119.16000366210938;37.36000061035156;25.79555320739746
2016-12-06;124.56999969482422;37.16999816894531;25.9941463470459
2016-12-07;125.38999938964844;38.630001068115234;26.249473571777344
2016-12-08;123.23999786376953;38.45800018310547;26.50717544555664
2016-12-09;122.87999725341797;38.43600082397461;26.939817428588867
2016-12-12;122.83000183105469;38.486000061035156;26.786144256591797
2016-12-13;123.77999877929688;39.630001068115234;27.23297691345215
2016-12-14;123.44000244140625;39.737998962402344;27.23297691345215
2016-12-15;125.0;39.51599884033203;27.38191795349121
2016-12-16;124.22000122070312;40.49800109863281;27.417383193969727
2016-12-19;125.44999694824219;40.54600143432617;27.57577896118164
2016-12-20;125.12000274658203;41.757999420166016;27.649070739746094
2016-12-21;126.5;41.540000915527344;27.675073623657227
2016-12-22;125.58000183105469;41.689998626708984;27.4930362701416
2016-12-23;125.58999633789062;42.667999267578125;27.54741096496582
2016-12-27;128.35000610351562;43.90599822998047;27.722362518310547
2016-12-28;125.88999938964844;43.948001861572266;27.60415267944336
2016-12-29;125.33000183105469;42.93600082397461;27.597061157226562
2016-12-30;123.80000305175781;42.737998962402344;27.38191795349121
2017-01-03;127.48999786376953;43.39799880981445;27.459938049316406
2017-01-04;129.41000366210938;45.39799880981445;27.429203033447266
2017-01-05;131.80999755859375;45.349998474121094;27.56869125366211
2017-01-06;131.07000732421875;45.801998138427734;27.87602996826172
2017-01-09;130.9499969482422;46.25600051879883;28.13136100769043
2017-01-10;129.88999938964844;45.9739990234375;28.159732818603516
2017-01-11;130.5;45.94599914550781;28.311038970947266
2017-01-12;129.17999267578125;45.917999267578125;28.19283103942871
2017-01-13;133.6999969482422;47.54999923706055;28.1431884765625
2017-01-17;132.88999938964844;47.11600112915039;28.370149612426758
2017-01-18;133.25999450683594;47.672000885009766;28.367780685424805
2017-01-19;138.41000366210938;48.75199890136719;28.31813621520996
2017-01-20;138.60000610351562;48.94599914550781;28.370149612426758
2017-01-23;137.38999938964844;49.784000396728516;28.389057159423828
2017-01-24;140.11000061035156;50.922000885009766;28.363052368164062
2017-01-25;139.52000427246094;50.89400100708008;28.81460952758789
2017-01-26;138.9600067138672;50.50199890136719;28.82879638671875
2017-01-27;142.4499969482422;50.59000015258789;28.831159591674805
2017-01-30;141.22000122070312;50.125999450683594;28.75550651550293
2017-01-31;140.7100067138672;50.38600158691406;28.689308166503906
2017-02-01;140.77999877929688;49.847999572753906;30.438798904418945
2017-02-02;139.1999969482422;50.310001373291016;30.386791229248047
2017-02-03;140.25;50.26599884033203;30.516820907592773
2017-02-06;140.97000122070312;51.55400085449219;30.802886962890625
2017-02-07;144.0;51.49599838256836;31.096044540405273
2017-02-08;144.74000549316406;52.41600036621094;31.216611862182617
2017-02-09;144.13999938964844;53.84000015258789;31.442188262939453
2017-02-10;144.82000732421875;53.84600067138672;31.370946884155273
2017-02-13;143.1999969482422;56.119998931884766;31.648761749267578
2017-02-14;140.82000732421875;56.19599914550781;32.05954360961914
2017-02-15;142.27000427246094;55.95199966430664;32.17588424682617
2017-02-16;142.00999450683594;53.790000915527344;32.13789367675781
2017-02-17;142.22000122070312;54.44599914550781;32.22575378417969
2017-02-21;142.60000610351562;55.47800064086914;32.45844650268555
2017-02-22;143.86000061035156;54.70199966430664;32.55579376220703
2017-02-23;142.77999877929688;51.198001861572266;32.41807556152344
2017-02-24;143.25;51.400001525878906;32.44894790649414
2017-02-27;143.41000366210938;49.24599838256836;32.51305389404297
2017-02-28;142.1300048828125;49.99800109863281;32.52730178833008
2017-03-01;142.64999389648438;50.00400161743164;33.192142486572266
2017-03-02;139.52999877929688;50.09600067138672;32.99506378173828
2017-03-03;139.13999938964844;50.31399917602539;33.189762115478516
2017-03-06;141.94000244140625;50.242000579833984;33.085289001464844
2017-03-07;141.42999267578125;49.71799850463867;33.128028869628906
2017-03-08;140.32000732421875;49.374000549316406;33.00456237792969
2017-03-09;140.52999877929688;48.97999954223633;32.9285774230957
2017-03-10;140.88999938964844;48.737998962402344;33.03779602050781
2017-03-13;143.52000427246094;49.23400115966797;33.05204391479492
2017-03-14;143.19000244140625;51.599998474121094;33.00218200683594
2017-03-15;145.25;51.145999908447266;33.351226806640625
2017-03-16;144.38999938964844;52.40999984741211;33.40584182739258
2017-03-17;145.11000061035156;52.29999923706055;33.2396354675293
2017-03-20;145.8300018310547;52.38399887084961;33.58867645263672
2017-03-21;142.4199981689453;50.13600158691406;33.204002380371094
2017-03-22;142.64999389648438;51.00199890136719;33.57917022705078
2017-03-23;141.83999633789062;50.95600128173828;33.46044921875
2017-03-24;142.02000427246094;52.63199996948242;33.39396286010742
2017-03-27;144.05999755859375;54.04399871826172;33.450958251953125
2017-03-28;145.1699981689453;55.4900016784668;34.144287109375
2017-03-29;146.47000122070312;55.47600173950195;34.22026443481445
2017-03-30;148.05999755859375;55.58399963378906;34.17515563964844
2017-03-31;147.80999755859375;55.65999984741211;34.11104202270508
2017-04-03;146.9199981689453;59.70399856567383;34.120540618896484
2017-04-04;145.5;60.7400016784668;34.37460708618164
2017-04-05;143.6199951171875;59.0;34.1965217590332
2017-04-06;143.74000549316406;59.7400016784668;34.11104202270508
2017-04-07;143.11000061035156;60.507999420166016;34.03506088256836
2017-04-10;143.85000610351562;62.47800064086914;33.99470138549805
2017-04-11;144.35000610351562;61.742000579833984;33.62904357910156
2017-04-12;143.8300018310547;59.36800003051758;33.669403076171875
2017-04-13;142.9199981689453;60.79999923706055;33.49132537841797
2017-04-17;147.25;60.28799819946289;33.67652130126953
2017-04-18;143.36000061035156;60.04999923706055;33.52694320678711
2017-04-19;139.75999450683594;61.104000091552734;33.40346145629883
2017-04-20;141.17999267578125;60.50199890136719;33.82136917114258
2017-04-21;142.8699951171875;61.119998931884766;33.78099822998047
2017-04-24;143.8300018310547;61.60599899291992;34.10629653930664
2017-04-25;152.16000366210938;62.757999420166016;34.31761932373047
2017-04-26;150.1699981689453;62.034000396728516;34.115787506103516
2017-04-27;153.0800018310547;61.72600173950195;34.141902923583984
2017-04-28;152.1999969482422;62.81399917602539;34.108673095703125
2017-05-01;155.35000610351562;64.56600189208984;34.80437088012695
2017-05-02;156.4499969482422;63.77799987792969;35.02519989013672
2017-05-03;155.58999633789062;62.20399856567383;34.91835021972656
2017-05-04;157.25;59.09199905395508;34.792503356933594
2017-05-05;156.60000610351562;61.66999816894531;35.36949157714844
2017-05-08;156.3800048828125;61.4379997253418;36.331138610839844
2017-05-09;157.4600067138672;64.25199890136719;36.5638313293457
2017-05-10;160.27999877929688;65.04399871826172;36.39049530029297
2017-05-11;158.5399932861328;64.62000274658203;36.70520782470703
2017-05-12;160.80999755859375;64.96199798583984;37.21782302856445
2017-05-15;160.02000427246094;63.17599868774414;37.12245178222656
2017-05-16;159.41000366210938;63.402000427246094;37.06761932373047
2017-05-17;153.1999969482422;61.22200012207031;35.82304763793945
2017-05-18;155.6999969482422;62.61199951171875;36.36903762817383
2017-05-19;157.02000427246094;62.16600036621094;36.493019104003906
2017-05-22;157.16000366210938;62.06999969482422;36.714752197265625
2017-05-23;157.9499969482422;60.77199935913086;36.66944885253906
2017-05-24;157.75;62.04399871826172;36.55977249145508
2017-05-25;163.0500030517578;63.36600112915039;36.68613815307617
2017-05-26;162.42999267578125;65.02799987792969;36.624149322509766
2017-05-30;163.22000122070312;67.0199966430664;36.638450622558594
2017-05-31;163.07000732421875;68.2020034790039;36.42148971557617
2017-06-01;162.99000549316406;68.0739974975586;36.52162551879883
2017-06-02;165.17999267578125;67.97000122070312;37.06284713745117
2017-06-05;165.05999755859375;69.46399688720703;36.70044708251953
2017-06-06;165.1699981689453;70.56999969482422;36.82441711425781
2017-06-07;165.61000061035156;71.93000030517578;37.04376983642578
2017-06-08;165.8800048828125;74.0;36.95317077636719
2017-06-09;158.02999877929688;71.46399688720703;35.52024459838867
2017-06-12;151.44000244140625;71.802001953125;34.67146301269531
2017-06-13;152.72000122070312;75.19000244140625;34.95042037963867
2017-06-14;152.1999969482422;76.13200378417969;34.609474182128906
2017-06-15;151.75999450683594;75.06800079345703;34.402042388916016
2017-06-16;152.3800048828125;74.27999877929688;33.92043685913086
2017-06-19;153.39999389648438;73.95999908447266;34.89081573486328
2017-06-20;152.0500030517578;74.447998046875;34.57372283935547
2017-06-21;155.02999877929688;75.27999877929688;34.77875518798828
2017-06-22;154.88999938964844;76.52200317382812;34.72153854370117
2017-06-23;158.02000427246094;76.69000244140625;34.87650680541992
2017-06-26;157.5;75.49800109863281;34.76683807373047
2017-06-27;151.02999877929688;72.4739990234375;34.268524169921875
2017-06-28;153.41000366210938;74.24800109863281;34.76921844482422
2017-06-29;150.08999633789062;72.1500015258789;34.25660705566406
2017-06-30;149.41000366210938;72.3219985961914;34.337669372558594
2017-07-03;146.1699981689453;70.52400207519531;34.21369552612305
2017-07-05;147.61000061035156;65.41799926757812;34.35436248779297
2017-07-06;146.25;61.76599884033203;34.03010559082031
2017-07-07;150.17999267578125;62.64400100708008;34.37580871582031
2017-07-10;152.6699981689453;63.209999084472656;34.58562469482422
2017-07-11;154.3300018310547;65.44400024414062;34.697689056396484
2017-07-12;158.75;65.90399932861328;34.747764587402344
2017-07-13;158.2100067138672;64.68199920654297;35.23176193237305
2017-07-14;161.1199951171875;65.55599975585938;35.5345573425293
2017-07-17;161.6999969482422;63.91400146484375;35.65853500366211
2017-07-18;183.60000610351562;65.64800262451172;35.78252410888672
2017-07-19;183.86000061035156;65.052001953125;36.006629943847656
2017-07-20;183.60000610351562;65.98400115966797;35.844505310058594
2017-07-21;188.5399932861328;65.68000030517578;35.82781219482422
2017-07-24;187.91000366210938;68.50399780273438;36.261749267578125
2017-07-25;186.97000122070312;67.91999816894531;36.416725158691406
2017-07-26;189.0800018310547;68.7699966430664;36.58838653564453
2017-07-27;182.67999267578125;66.89199829101562;35.8969612121582
2017-07-28;184.0399932861328;67.01399993896484;35.64423370361328
2017-07-31;181.66000366210938;64.69400024414062;35.46064376831055
2017-08-01;182.02999877929688;63.91400146484375;35.77537155151367
2017-08-02;180.74000549316406;65.1780014038086;37.46577453613281
2017-08-03;179.22999572753906;69.41799926757812;37.09145736694336
2017-08-04;180.27000427246094;71.38200378417969;37.286964416503906
2017-08-07;181.3300018310547;71.03399658203125;37.863948822021484
2017-08-08;178.36000061035156;73.04399871826172;38.166751861572266
2017-08-09;175.77999877929688;72.70600128173828;38.40039825439453
2017-08-10;169.13999938964844;71.08000183105469;37.17727279663086
2017-08-11;171.39999389648438;71.5739974975586;37.69429397583008
2017-08-14;171.0;72.76000213623047;38.26156997680664
2017-08-15;168.5;72.46600341796875;38.680450439453125
2017-08-16;169.97999572753906;72.58200073242188;38.52486801147461
2017-08-17;166.08999633789062;70.38400268554688;37.785247802734375
2017-08-18;166.5399932861328;69.49199676513672;37.69907760620117
2017-08-21;166.75999450683594;67.5719985961914;37.629669189453125
2017-08-22;169.33999633789062;68.2699966430664;38.244815826416016
2017-08-23;169.05999755859375;70.55400085449219;38.292686462402344
2017-08-24;168.1300048828125;70.58599853515625;38.12274932861328
2017-08-25;165.9499969482422;69.61000061035156;38.26397705078125
2017-08-28;167.1199951171875;69.13200378417969;38.64932632446289
2017-08-29;168.80999755859375;69.47200012207031;38.99401092529297
2017-08-30;174.69000244140625;70.63600158691406;39.099334716796875
2017-08-31;174.7100067138672;71.18000030517578;39.25491714477539
2017-09-01;174.74000549316406;71.08000183105469;39.266883850097656
2017-09-05;174.52000427246094;69.91799926757812;38.795345306396484
2017-09-06;179.25;68.90599822998047;38.7546501159668
2017-09-07;179.0;70.12200164794922;38.59906768798828
2017-09-08;176.4199981689453;68.68000030517578;37.96955871582031
2017-09-11;181.74000549316406;72.73799896240234;38.656517028808594
2017-09-12;185.14999389648438;72.55000305175781;38.503326416015625
2017-09-13;183.63999938964844;73.24600219726562;38.21370315551758
2017-09-14;182.6300048828125;75.52799987792969;37.885780334472656
2017-09-15;182.35000610351562;75.96199798583984;38.26875686645508
2017-09-18;184.6199951171875;77.0;37.9791259765625
2017-09-19;185.67999267578125;75.0199966430664;37.99348831176758
2017-09-20;185.50999450683594;74.78199768066406;37.35679244995117
2017-09-21;188.77999877929688;73.2959976196289;36.71530532836914
2017-09-22;187.35000610351562;70.21800231933594;36.35627746582031
2017-09-25;178.5500030517578;68.99800109863281;36.0355339050293
2017-09-26;179.3800048828125;69.05000305175781;36.65547561645508
2017-09-27;181.97000122070312;68.19400024414062;36.916378021240234
2017-09-28;180.6999969482422;67.91999816894531;36.688987731933594
2017-09-29;181.35000610351562;68.22000122070312;36.89004135131836
2017-10-02;177.00999450683594;68.30599975585938;36.81584167480469
2017-10-03;179.19000244140625;69.62799835205078;36.97621536254883
2017-10-04;184.4499969482422;71.00199890136719;36.73685836791992
2017-10-05;194.38999938964844;71.06600189208984;37.19403076171875
2017-10-06;198.02000427246094;71.3759994506836;37.172481536865234
2017-10-09;196.8699951171875;68.58799743652344;37.30173873901367
2017-10-10;195.0800018310547;71.11799621582031;37.316097259521484
2017-10-11;194.9499969482422;70.91999816894531;37.47169494628906
2017-10-12;195.86000061035156;71.13600158691406;37.34003829956055
2017-10-13;199.49000549316406;71.11399841308594;37.57701110839844
2017-10-16;202.67999267578125;70.12000274658203;38.26875686645508
2017-10-17;199.47999572753906;71.1500015258789;38.40998077392578
2017-10-18;195.5399932861328;71.93000030517578;38.24003219604492
2017-10-19;195.1300048828125;70.36199951171875;37.33525466918945
2017-10-20;194.16000366210938;69.0199966430664;37.39987564086914
2017-10-23;192.47000122070312;67.40399932861328;37.38072967529297
2017-10-24;196.02000427246094;67.46800231933594;37.60333251953125
2017-10-25;193.77000427246094;65.16799926757812;37.438175201416016
2017-10-26;195.2100067138672;65.23400115966797;37.67753601074219
2017-10-27;199.5399932861328;64.17400360107422;39.027523040771484
2017-10-30;198.3699951171875;64.01599884033203;39.905975341796875
2017-10-31;196.42999267578125;66.30599975585938;40.46128463745117
2017-11-01;198.0;64.21600341796875;39.946659088134766
2017-11-02;199.32000732421875;59.85200119018555;40.238677978515625
2017-11-03;200.00999450683594;61.21799850463867;41.28947067260742
2017-11-06;200.1300048828125;60.555999755859375;41.708343505859375
2017-11-07;195.88999938964844;61.209999084472656;41.842384338378906
2017-11-08;196.44000244140625;60.87799835205078;42.184669494628906
2017-11-09;193.89999389648438;60.597999572753906;42.09850311279297
2017-11-10;192.02000427246094;60.597999572753906;41.959171295166016
2017-11-13;195.0800018310547;63.08000183105469;41.79102325439453
2017-11-14;195.7100067138672;61.7400016784668;41.159244537353516
2017-11-15;192.1199951171875;62.2599983215332;40.61635208129883
2017-11-16;195.50999450683594;62.5;41.101593017578125
2017-11-17;193.1999969482422;63.0099983215332;40.873390197753906
2017-11-20;194.10000610351562;61.74800109863281;40.83254623413086
2017-11-21;196.22999572753906;63.5620002746582;41.59164047241211
2017-11-22;196.32000732421875;62.52000045776367;42.028839111328125
2017-11-24;195.75;63.11000061035156;42.03124237060547
2017-11-27;195.0500030517578;63.36199951171875;41.81984329223633
2017-11-28;199.17999267578125;63.5099983215332;41.5748291015625
2017-11-29;188.14999389648438;61.507999420166016;40.712432861328125
2017-11-30;187.5800018310547;61.77000045776367;41.28175735473633
2017-12-01;186.82000732421875;61.305999755859375;41.08958435058594
2017-12-04;184.0399932861328;61.040000915527344;40.789306640625
2017-12-05;184.2100067138672;60.7400016784668;40.75086975097656
2017-12-06;185.3000030517578;62.652000427246094;40.59952926635742
2017-12-07;185.1999969482422;62.24800109863281;40.67400360107422
2017-12-08;188.5399932861328;63.0260009765625;40.68600845336914
2017-12-11;186.22000122070312;65.78199768066406;41.478736877441406
2017-12-12;185.72999572753906;68.20600128173828;41.245723724365234
2017-12-13;187.86000061035156;67.80599975585938;41.382652282714844
2017-12-14;189.55999755859375;67.5780029296875;41.37063980102539
2017-12-15;190.1199951171875;68.69000244140625;41.79102325439453
2017-12-18;190.4199981689453;67.77400207519531;42.37956619262695
2017-12-19;187.02000427246094;66.22000122070312;41.927947998046875
2017-12-20;188.82000732421875;65.7959976196289;41.88230514526367
2017-12-21;188.6199951171875;66.33200073242188;42.04085159301758
2017-12-22;189.94000244140625;65.04000091552734;42.04085159301758
2017-12-26;187.75999450683594;63.45800018310547;40.974273681640625
2017-12-27;186.24000549316406;62.327999114990234;40.981483459472656
2017-12-28;192.7100067138672;63.071998596191406;41.09678649902344
2017-12-29;191.9600067138672;62.27000045776367;40.652374267578125
2018-01-02;201.07000732421875;64.10600280761719;41.3802375793457
2018-01-03;205.0500030517578;63.45000076293945;41.37303161621094
2018-01-04;205.6300048828125;62.92399978637695;41.565216064453125
2018-01-05;209.99000549316406;63.316001892089844;42.0384521484375
2018-01-08;212.0500030517578;67.28199768066406;41.88230514526367
2018-01-09;209.30999755859375;66.73799896240234;41.877506256103516
2018-01-10;212.52000427246094;66.95999908447266;41.867889404296875
2018-01-11;217.24000549316406;67.58999633789062;42.105709075927734
2018-01-12;221.22999572753906;67.24400329589844;42.54050064086914
2018-01-16;221.52999877929688;68.01200103759766;42.324310302734375
2018-01-17;217.5;69.43199920654297;43.02334976196289
2018-01-18;220.3300018310547;68.91400146484375;43.06178665161133
2018-01-19;220.4600067138672;70.00399780273438;42.86960983276367
2018-01-22;227.5800018310547;70.31199645996094;42.51889419555664
2018-01-23;250.2899932861328;70.55799865722656;42.52849578857422
2018-01-24;261.29998779296875;69.1780014038086;41.85107421875
2018-01-25;269.70001220703125;67.52799987792969;41.1039924621582
2018-01-26;274.6000061035156;68.56999969482422;41.20008087158203
2018-01-29;284.5899963378906;69.90599822998047;40.34729766845703
2018-01-30;278.79998779296875;69.16400146484375;40.10948181152344
2018-01-31;270.29998779296875;70.86199951171875;40.21998977661133
2018-02-01;265.07000732421875;69.8499984741211;40.3040657043457
2018-02-02;267.42999267578125;68.75;38.55526351928711
2018-02-05;254.25999450683594;66.6259994506836;37.59197998046875
2018-02-06;265.7200012207031;66.79399871826172;39.16301727294922
2018-02-07;264.55999755859375;69.0;38.324649810791016
2018-02-08;250.10000610351562;63.04600143432617;37.270084381103516
2018-02-09;249.47000122070312;62.08399963378906;37.7259521484375
2018-02-12;257.95001220703125;63.145999908447266;39.245506286621094
2018-02-13;258.2699890136719;64.73200225830078;39.63865661621094
2018-02-14;266.0;64.46199798583984;40.36949157714844
2018-02-15;280.2699890136719;66.81400299072266;41.72503662109375
2018-02-16;278.5199890136719;67.0979995727539;41.589962005615234
2018-02-20;278.54998779296875;66.9540023803711;41.450069427490234
2018-02-21;281.0400085449219;66.66000366210938;41.26193618774414
2018-02-22;278.1400146484375;69.23400115966797;41.606849670410156
2018-02-23;285.92999267578125;70.41000366210938;42.33045196533203
2018-02-26;294.1600036621094;71.48400115966797;43.16740417480469
2018-02-27;290.6099853515625;70.197998046875;43.02751541137695
2018-02-28;291.3800048828125;68.61199951171875;42.962379455566406
2018-03-01;290.3900146484375;66.18599700927734;42.20984649658203
2018-03-02;301.04998779296875;67.02400207519531;42.5016975402832
2018-03-05;315.0;66.66999816894531;42.648826599121094
2018-03-06;325.2200012207031;65.63999938964844;42.61265563964844
2018-03-07;321.1600036621094;66.45999908447266;42.21707534790039
2018-03-08;317.0;65.81999969482422;42.677764892578125
2018-03-09;331.44000244140625;65.43399810791016;43.411014556884766
2018-03-12;321.29998779296875;69.10199737548828;43.83069610595703
2018-03-13;315.8800048828125;68.36799621582031;43.40860366821289
2018-03-14;321.54998779296875;65.32599639892578;43.03956604003906
2018-03-15;321.0899963378906;65.12000274658203;43.0902214050293
2018-03-16;318.45001220703125;64.2699966430664;42.938262939453125
2018-03-19;313.4800109863281;62.71200180053711;42.28219985961914
2018-03-20;317.5;62.11000061035156;42.267730712890625
2018-03-21;316.4800109863281;63.305999755859375;41.31017303466797
2018-03-22;306.70001220703125;61.81999969482422;40.72646713256836
2018-03-23;300.94000244140625;60.30799865722656;39.78337860107422
2018-03-26;320.3500061035156;60.83599853515625;41.67197036743164
2018-03-27;300.69000244140625;55.83599853515625;40.60345458984375
2018-03-28;285.7699890136719;51.555999755859375;40.15482711791992
2018-03-29;295.3500061035156;53.22600173950195;40.46839141845703
2018-04-02;280.2900085449219;50.49599838256836;40.20307159423828
2018-04-03;283.6700134277344;53.50600051879883;40.61552047729492
2018-04-04;288.94000244140625;57.38800048828125;41.39217758178711
2018-04-05;293.9700012207031;61.14400100708008;41.679203033447266
2018-04-06;288.8500061035156;59.86000061035156;40.61310577392578
2018-04-09;289.92999267578125;57.93199920654297;41.015907287597656
2018-04-10;298.07000732421875;60.939998626708984;41.787750244140625
2018-04-11;303.6700134277344;60.18600082397461;41.592369079589844
2018-04-12;309.25;58.816001892089844;42.00241470336914
2018-04-13;311.6499938964844;60.06800079345703;42.14472198486328
2018-04-16;307.7799987792969;58.242000579833984;42.40762710571289
2018-04-17;336.05999755859375;57.53799819946289;42.9913215637207
2018-04-18;334.5199890136719;58.66999816894531;42.89484405517578
2018-04-19;332.70001220703125;60.01599884033203;41.679203033447266
2018-04-20;327.7699890136719;58.04800033569336;39.97152328491211
2018-04-23;318.69000244140625;56.67399978637695;39.85573959350586
2018-04-24;307.0199890136719;56.69200134277344;39.30098342895508
2018-04-25;305.760009765625;56.13800048828125;39.47222900390625
2018-04-26;313.9800109863281;57.09600067138672;39.60972213745117
2018-04-27;311.760009765625;58.816001892089844;39.15144348144531
2018-04-30;312.4599914550781;58.779998779296875;39.860565185546875
2018-05-01;313.29998779296875;59.98400115966797;40.78676986694336
2018-05-02;313.3599853515625;60.22999954223633;42.588531494140625
2018-05-03;311.69000244140625;56.88999938964844;42.665706634521484
2018-05-04;320.0899963378906;58.81800079345703;44.33962631225586
2018-05-07;326.260009765625;60.55400085449219;44.660423278808594
2018-05-08;326.8900146484375;60.39400100708008;44.87510299682617
2018-05-09;330.29998779296875;61.369998931884766;45.19106674194336
2018-05-10;329.6000061035156;61.00400161743164;45.83747482299805
2018-05-11;326.4599914550781;60.21200180053711;45.663143157958984
2018-05-14;328.5299987792969;58.39400100708008;45.55660629272461
2018-05-15;326.1300048828125;56.83599853515625;45.1425666809082
2018-05-16;328.19000244140625;57.29600143432617;45.563873291015625
2018-05-17;325.2200012207031;56.90800094604492;45.27573776245117
2018-05-18;324.17999267578125;55.36399841308594;45.11109161376953
2018-05-21;331.82000732421875;56.89799880981445;45.43070602416992
2018-05-22;331.6199951171875;55.00199890136719;45.3169059753418
2018-05-23;344.7200012207031;55.81399917602539;45.607460021972656
2018-05-24;349.2900085449219;55.56999969482422;45.55660629272461
2018-05-25;351.2900085449219;55.77000045776367;45.660728454589844
2018-05-29;349.7300109863281;56.75199890136719;45.49606704711914
2018-05-30;353.5400085449219;58.34400177001953;45.39921569824219
2018-05-31;351.6000061035156;56.94599914550781;45.24667739868164
2018-06-01;359.92999267578125;58.36399841308594;46.06266784667969
2018-06-04;361.80999755859375;59.347999572753906;46.4476432800293
2018-06-05;365.79998779296875;58.22600173950195;46.805992126464844
2018-06-06;367.45001220703125;63.900001525878906;46.96821975708008
2018-06-07;361.3999938964844;63.21799850463867;46.842308044433594
2018-06-08;360.57000732421875;63.53200149536133;46.41617202758789
2018-06-11;361.45001220703125;66.41999816894531;46.302371978759766
2018-06-12;363.8299865722656;68.55400085449219;46.55659866333008
2018-06-13;379.92999267578125;68.95600128173828;46.174034118652344
2018-06-14;392.8699951171875;71.54399871826172;46.19824981689453
2018-06-15;391.9800109863281;71.63400268554688;45.72367477416992
2018-06-18;390.3999938964844;74.16600036621094;45.69945526123047
2018-06-19;404.9800109863281;70.51000213623047;44.960968017578125
2018-06-20;416.760009765625;72.44400024414062;45.15709686279297
2018-06-21;415.44000244140625;69.50199890136719;44.90528869628906
2018-06-22;411.0899963378906;66.72599792480469;44.77452850341797
2018-06-25;384.4800109863281;66.60199737548828;44.10867691040039
2018-06-26;399.3900146484375;68.4000015258789;44.6558837890625
2018-06-27;390.3900146484375;68.9000015258789;44.59050750732422
2018-06-28;395.4200134277344;69.98600006103516;44.91497039794922
2018-06-29;391.42999267578125;68.58999633789062;44.82053756713867
2018-07-02;398.17999267578125;67.01399993896484;45.32175064086914
2018-07-03;390.5199890136719;62.172000885009766;44.53240203857422
2018-07-05;398.3900146484375;61.832000732421875;44.8907470703125
2018-07-06;408.25;61.779998779296875;45.513023376464844
2018-07-09;418.9700012207031;63.70199966430664;46.14497756958008
2018-07-10;415.6300048828125;64.49400329589844;46.08929443359375
2018-07-11;418.6499938964844;63.79199981689453;45.491233825683594
2018-07-12;413.5;63.34199905395508;46.25394058227539
2018-07-13;395.79998779296875;63.77399826049805;46.32658386230469
2018-07-16;400.4800109863281;62.02000045776367;46.22488784790039
2018-07-17;379.4800109863281;64.53800201416016;46.35564041137695
2018-07-18;375.1300048828125;64.7699966430664;46.10139846801758
2018-07-19;364.2300109863281;64.0459976196289;46.45975112915039
2018-07-20;361.04998779296875;62.715999603271484;46.353214263916016
2018-07-23;362.6600036621094;60.63999938964844;46.39436721801758
2018-07-24;357.32000732421875;59.486000061035156;46.73093032836914
2018-07-25;362.8699951171875;61.74800109863281;47.17160415649414
2018-07-26;363.0899963378906;61.33000183105469;47.023902893066406
2018-07-27;355.2099914550781;59.43600082397461;46.2418327331543
2018-07-30;334.9599914550781;58.034000396728516;45.982749938964844
2018-07-31;337.45001220703125;59.62799835205078;46.07476043701172
2018-08-01;338.3800048828125;60.167999267578125;48.78902816772461
2018-08-02;344.5;69.90799713134766;50.215171813964844
2018-08-03;343.0899963378906;69.63400268554688;50.36044692993164
2018-08-06;350.9200134277344;68.39800262451172;50.62195587158203
2018-08-07;351.8299865722656;75.91400146484375;50.14737319946289
2018-08-08;347.6099853515625;74.06800079345703;50.181278228759766
2018-08-09;349.3599853515625;70.48999786376953;50.57594299316406
2018-08-10;345.8699951171875;71.0979995727539;50.425296783447266
2018-08-13;341.30999755859375;71.28199768066406;50.750892639160156
2018-08-14;337.489990234375;69.52799987792969;50.964717864990234
2018-08-15;326.3999938964844;67.73799896240234;51.08377456665039
2018-08-16;322.44000244140625;67.08999633789062;51.83214569091797
2018-08-17;316.7799987792969;61.099998474121094;52.86723709106445
2018-08-20;327.7300109863281;61.6879997253418;52.352115631103516
2018-08-21;338.0199890136719;64.37999725341797;52.25006103515625
2018-08-22;344.44000244140625;64.3280029296875;52.25249481201172
2018-08-23;339.1700134277344;64.0199966430664;52.359405517578125
2018-08-24;358.82000732421875;64.56400299072266;52.52220916748047
2018-08-27;364.5799865722656;63.854000091552734;52.954708099365234
2018-08-28;368.489990234375;62.37200164794922;53.382347106933594
2018-08-29;368.0400085449219;61.00199890136719;54.17931365966797
2018-08-30;370.9800109863281;60.630001068115234;54.67742156982422
2018-08-31;367.67999267578125;60.332000732421875;55.309165954589844
2018-09-04;363.6000061035156;57.790000915527344;55.486541748046875
2018-09-05;341.17999267578125;56.14799880981445;55.12450408935547
2018-09-06;346.4599914550781;56.189998626708984;54.208473205566406
2018-09-07;348.67999267578125;52.64799880981445;53.771114349365234
2018-09-10;348.4100036621094;57.099998474121094;53.049461364746094
2018-09-11;355.92999267578125;55.88800048828125;54.390708923339844
2018-09-12;369.95001220703125;58.108001708984375;53.71522903442383
2018-09-13;368.1499938964844;57.891998291015625;55.01272964477539
2018-09-14;364.55999755859375;59.040000915527344;54.38827896118164
2018-09-17;350.3500061035156;58.96799850463867;52.94013214111328
2018-09-18;367.6499938964844;56.992000579833984;53.02759552001953
2018-09-19;366.9599914550781;59.80400085449219;53.05918884277344
2018-09-20;365.3599853515625;59.66600036621094;53.462528228759766
2018-09-21;361.19000244140625;59.81999969482422;52.88667297363281
2018-09-24;369.6099853515625;59.93600082397461;53.64719009399414
2018-09-25;369.42999267578125;60.198001861572266;53.987361907958984
2018-09-26;377.8800048828125;61.91600036621094;53.55729675292969
2018-09-27;380.7099914550781;61.50400161743164;54.65797805786133
2018-09-28;374.1300048828125;52.95399856567383;54.849937438964844
2018-10-01;381.42999267578125;62.13999938964844;55.219261169433594
2018-10-02;377.1400146484375;60.20399856567383;55.710079193115234
2018-10-03;377.04998779296875;58.959999084472656;56.38798522949219
2018-10-04;363.6499938964844;56.36600112915039;55.39664077758789
2018-10-05;351.3500061035156;52.38999938964844;54.49761962890625
2018-10-08;349.1000061035156;50.11199951171875;54.37127685546875
2018-10-09;355.7099914550781;52.560001373291016;55.12450408935547
2018-10-10;325.8900146484375;51.375999450683594;52.570804595947266
2018-10-11;321.1000061035156;50.44599914550781;52.106712341308594
2018-10-12;339.55999755859375;51.75600051879883;53.967926025390625
2018-10-15;333.1300048828125;51.917999267578125;52.813777923583984
2018-10-16;346.3999938964844;55.31800079345703;53.97764587402344
2018-10-17;364.70001220703125;54.35599899291992;53.744380950927734
2018-10-18;346.7099914550781;52.78200149536133;52.48818588256836
2018-10-19;332.6700134277344;52.0;53.28758239746094
2018-10-22;329.5400085449219;52.189998626708984;53.613182067871094
2018-10-23;333.1600036621094;58.827999114990234;54.118568420410156
2018-10-24;301.8299865722656;57.70000076293945;52.26221466064453
2018-10-25;312.8699951171875;62.97200012207031;53.40664291381836
2018-10-26;299.8299865722656;66.18000030517578;52.556217193603516
2018-10-29;284.8399963378906;66.97000122070312;51.569732666015625
2018-10-30;285.80999755859375;65.9800033569336;51.8272819519043
2018-10-31;301.7799987792969;67.46399688720703;53.17824935913086
2018-11-01;317.3800048828125;68.85600280761719;53.99465560913086
2018-11-02;309.1000061035156;69.28199768066406;50.41315841674805
2018-11-05;315.44000244140625;68.27999877929688;48.98200225830078
2018-11-06;310.8399963378906;68.21199798583984;49.51169967651367
2018-11-07;327.5;69.63200378417969;51.013309478759766
2018-11-08;317.9200134277344;70.27999877929688;50.83531951904297
2018-11-09;303.4700012207031;70.10199737548828;49.85513687133789
2018-11-12;294.07000732421875;66.25599670410156;47.34372329711914
2018-11-13;294.3999938964844;67.74600219726562;46.870704650878906
2018-11-14;286.7300109863281;68.80000305175781;45.54672622680664
2018-11-15;290.05999755859375;69.68800354003906;46.67076873779297
2018-11-16;286.2099914550781;70.86199951171875;47.18767547607422
2018-11-19;270.6000061035156;70.69400024414062;45.31753158569336
2018-11-20;266.9800109863281;69.49800109863281;43.152347564697266
2018-11-21;262.1300048828125;67.63800048828125;43.10358810424805
2018-11-23;258.82000732421875;65.16600036621094;42.008811950683594
2018-11-26;261.42999267578125;69.19999694824219;42.57692337036133
2018-11-27;266.6300048828125;68.78399658203125;42.48426818847656
2018-11-28;282.6499938964844;69.5739974975586;44.11790466308594
2018-11-29;288.75;68.23400115966797;43.77899169921875
2018-11-30;286.1300048828125;70.09600067138672;43.54248046875
2018-12-03;290.29998779296875;71.697998046875;45.06394958496094
2018-12-04;275.3299865722656;71.94000244140625;43.08164596557617
2018-12-06;282.8800048828125;72.61199951171875;42.60131072998047
2018-12-07;265.1400146484375;71.59400177001953;41.082271575927734
2018-12-10;269.70001220703125;73.02999877929688;41.3529167175293
2018-12-11;265.32000732421875;73.35199737548828;41.11640548706055
2018-12-12;274.8800048828125;73.31999969482422;41.23100662231445
2018-12-13;276.0199890136719;75.35800170898438;41.68208312988281
2018-12-14;266.8399963378906;73.14199829101562;40.348350524902344
2018-12-17;262.79998779296875;69.68399810791016;39.972862243652344
2018-12-18;270.94000244140625;67.40599822998047;40.492210388183594
2018-12-19;266.7699890136719;66.59400177001953;39.229183197021484
2018-12-20;260.5799865722656;63.07600021362305;38.239253997802734
2018-12-21;246.38999938964844;63.95399856567383;36.75191116333008
2018-12-24;233.8800048828125;59.077999114990234;35.800994873046875
2018-12-26;253.6699981689453;65.21800231933594;38.3221549987793
2018-12-27;255.57000732421875;63.22600173950195;38.073455810546875
2018-12-28;256.0799865722656;66.77400207519531;38.092960357666016
2018-12-31;267.6600036621094;66.55999755859375;38.46113967895508
2019-01-02;267.6600036621094;62.02399826049805;38.50502395629883
2019-01-03;271.20001220703125;60.071998596191406;34.669639587402344
2019-01-04;297.57000732421875;63.53799819946289;36.149662017822266
2019-01-07;315.3399963378906;66.99199676513672;36.0692024230957
2019-01-08;320.2699890136719;67.06999969482422;36.75679397583008
2019-01-09;319.9599914550781;67.70600128173828;37.380985260009766
2019-01-10;324.6600036621094;68.99400329589844;37.500465393066406
2019-01-11;337.5899963378906;69.4520034790039;37.13228988647461
2019-01-14;332.94000244140625;66.87999725341797;36.57392120361328
2019-01-15;354.6400146484375;68.88600158691406;37.322471618652344
2019-01-16;351.3900146484375;69.20999908447266;37.77842330932617
2019-01-17;353.19000244140625;69.46199798583984;38.00273895263672
2019-01-18;339.1000061035156;60.45199966430664;38.236812591552734
2019-01-22;325.1600036621094;59.784000396728516;37.37855529785156
2019-01-23;321.989990234375;57.518001556396484;37.52972412109375
2019-01-24;326.6700134277344;58.301998138427734;37.23225402832031
2019-01-25;338.04998779296875;59.40800094604492;38.466007232666016
2019-01-28;335.6600036621094;59.2760009765625;38.11002731323242
2019-01-29;328.8999938964844;59.492000579833984;37.715030670166016
2019-01-30;340.6600036621094;61.75400161743164;40.292266845703125
2019-01-31;339.5;61.40399932861328;40.582427978515625
2019-02-01;339.8500061035156;62.44200134277344;40.60193634033203
2019-02-04;351.3399963378906;62.577999114990234;41.755226135253906
2019-02-05;355.80999755859375;64.2699966430664;42.469642639160156
2019-02-06;352.19000244140625;63.444000244140625;42.48426818847656
2019-02-07;344.7099914550781;61.50199890136719;41.67964553833008
2019-02-08;347.57000732421875;61.15999984741211;41.728614807128906
2019-02-11;345.7300109863281;62.56800079345703;41.48863983154297
2019-02-12;359.9700012207031;62.36199951171875;41.846160888671875
2019-02-13;351.7699890136719;61.63399887084961;41.67229461669922
2019-02-14;359.07000732421875;60.75400161743164;41.824119567871094
2019-02-15;356.8699951171875;61.57600021362305;41.73106002807617
2019-02-19;361.9200134277344;61.12799835205078;41.855953216552734
2019-02-20;359.9100036621094;60.512001037597656;42.12531280517578
2019-02-21;356.9700012207031;58.24599838256836;41.88778305053711
2019-02-22;363.0199890136719;58.94200134277344;42.35549545288086
2019-02-25;363.9100036621094;59.75400161743164;42.66402816772461
2019-02-26;364.9700012207031;59.571998596191406;42.68851089477539
2019-02-27;362.8699951171875;62.948001861572266;42.82074737548828
2019-02-28;358.1000061035156;63.97600173950195;42.39957046508789
2019-03-01;357.32000732421875;58.95800018310547;42.84523391723633
2019-03-04;351.0400085449219;57.071998596191406;43.06071853637695
2019-03-05;354.29998779296875;55.30799865722656;42.982357025146484
2019-03-06;359.6099853515625;55.24800109863281;42.735042572021484
2019-03-07;352.6000061035156;55.31800079345703;42.24039840698242
2019-03-08;349.6000061035156;56.827999114990234;42.340797424316406
2019-03-11;358.8599853515625;58.183998107910156;43.807579040527344
2019-03-12;356.2699890136719;56.672000885009766;44.299774169921875
2019-03-13;361.2099914550781;57.79199981689453;44.49566650390625
2019-03-14;358.82000732421875;57.992000579833984;44.99030303955078
2019-03-15;361.4599914550781;55.08599853515625;45.5755500793457
2019-03-18;363.44000244140625;53.89799880981445;46.04081726074219
2019-03-19;358.7799987792969;53.49399948120117;45.67595291137695
2019-03-20;375.2200012207031;54.720001220703125;46.075096130371094
2019-03-21;377.8699951171875;54.80400085449219;47.772056579589844
2019-03-22;361.010009765625;52.90599822998047;46.782772064208984
2019-03-25;366.2300109863281;52.08399963378906;46.21711349487305
2019-03-26;359.9700012207031;53.55400085449219;45.739620208740234
2019-03-27;353.3699951171875;54.965999603271484;46.151004791259766
2019-03-28;354.6099853515625;55.7239990234375;46.21221923828125
2019-03-29;356.55999755859375;55.97200012207031;46.5134162902832
2019-04-01;366.9599914550781;57.83599853515625;46.82930374145508
2019-04-02;367.7200012207031;57.17599868774414;47.51003646850586
2019-04-03;369.75;58.36199951171875;47.835731506347656
2019-04-04;367.8800048828125;53.555999755859375;47.91897201538086
2019-04-05;365.489990234375;54.992000579833984;48.2397575378418
2019-04-08;361.4100036621094;54.63999938964844;48.998870849609375
2019-04-09;364.7099914550781;54.46200180053711;48.8519401550293
2019-04-10;363.9200134277344;55.21200180053711;49.12619400024414
2019-04-11;367.6499938964844;53.683998107910156;48.717262268066406
2019-04-12;351.1400146484375;53.540000915527344;48.69766616821289
2019-04-15;348.8699951171875;53.2760009765625;48.78582000732422
2019-04-16;359.4599914550781;54.672000885009766;48.79072189331055
2019-04-17;354.739990234375;54.24599838256836;49.74082565307617
2019-04-18;360.3500061035156;54.652000427246094;49.919586181640625
2019-04-22;377.3399963378906;52.54999923706055;50.08364486694336
2019-04-23;381.8900146484375;52.779998779296875;50.806026458740234
2019-04-24;374.2300109863281;51.731998443603516;50.727664947509766
2019-04-25;368.3299865722656;49.5260009765625;50.26729965209961
2019-04-26;374.8500061035156;47.02799987792969;50.02732467651367
2019-04-29;371.8299865722656;48.29399871826172;50.10323715209961
2019-04-30;370.5400085449219;47.737998962402344;49.1384391784668
2019-05-01;378.80999755859375;46.801998138427734;51.5504264831543
2019-05-02;379.05999755859375;48.81999969482422;51.21495056152344
2019-05-03;385.0299987792969;51.00600051879883;51.851619720458984
2019-05-06;378.6700134277344;51.06800079345703;51.0508918762207
2019-05-07;370.4599914550781;49.4119987487793;49.67470932006836
2019-05-08;364.3699951171875;48.96799850463867;49.68449783325195
2019-05-09;362.75;48.395999908447266;49.15068435668945
2019-05-10;361.0400085449219;47.90399932861328;48.469783782958984
2019-05-13;345.260009765625;45.402000427246094;45.652740478515625
2019-05-14;345.6099853515625;46.46200180053711;46.37543487548828
2019-05-15;354.989990234375;46.38999938964844;46.930973052978516
2019-05-16;359.30999755859375;45.66600036621094;46.724491119384766
2019-05-17;354.45001220703125;42.20600128173828;46.45901107788086
2019-05-20;348.1099853515625;41.071998596191406;45.006248474121094
2019-05-21;354.2699890136719;41.01599884033203;45.869056701660156
2019-05-22;359.7300109863281;38.54600143432617;44.93004608154297
2019-05-23;352.2099914550781;39.097999572753906;44.16310119628906
2019-05-24;354.3900146484375;38.125999450683594;43.99348831176758
2019-05-28;355.05999755859375;37.7400016784668;43.81158447265625
2019-05-29;349.19000244140625;37.97200012207031;43.60264205932617
2019-05-30;351.8500061035156;37.64400100708008;43.828792572021484
2019-05-31;343.2799987792969;37.03200149536133;43.03481674194336
2019-06-03;336.6300048828125;35.79399871826172;42.5997200012207
2019-06-04;353.3999938964844;38.720001220703125;44.15818405151367
2019-06-05;355.7300109863281;39.31800079345703;44.87104415893555
2019-06-06;357.1300048828125;41.189998626708984;45.52982711791992
2019-06-07;360.8699951171875;40.900001525878906;46.74169921875
2019-06-10;352.010009765625;42.57600021362305;47.33903121948242
2019-06-11;351.2699890136719;43.41999816894531;47.8871955871582
2019-06-12;345.55999755859375;41.85200119018555;47.73478698730469
2019-06-13;343.42999267578125;42.78200149536133;47.72495651245117
2019-06-14;339.7300109863281;42.98400115966797;47.37836837768555
2019-06-17;350.6199951171875;45.00600051879883;47.66104507446289
2019-06-18;357.1199951171875;44.948001861572266;48.78196716308594
2019-06-19;363.5199890136719;45.2859992980957;48.63938903808594
2019-06-20;365.2099914550781;43.92399978637695;49.030235290527344
2019-06-21;369.2099914550781;44.37200164794922;48.86307907104492
2019-06-24;371.0400085449219;44.72800064086914;48.81391906738281
2019-06-25;360.29998779296875;43.95199966430664;48.07402038574219
2019-06-26;362.20001220703125;43.854000091552734;49.11381149291992
2019-06-27;370.0199890136719;44.56800079345703;49.099063873291016
2019-06-28;367.32000732421875;44.69200134277344;48.65167999267578
2019-07-01;374.6000061035156;45.433998107910156;49.543983459472656
2019-07-02;375.42999267578125;44.90999984741211;49.834049224853516
2019-07-03;381.7200012207031;46.97999954223633;50.24702072143555
2019-07-05;380.54998779296875;46.619998931884766;50.20277404785156
2019-07-08;376.1600036621094;46.06800079345703;49.16789245605469
2019-07-09;379.92999267578125;46.012001037597656;49.4677848815918
2019-07-10;381.0;47.784000396728516;49.95695495605469
2019-07-11;379.5;47.720001220703125;49.59315490722656
2019-07-12;373.25;49.01599884033203;49.97416305541992
2019-07-15;366.6000061035156;50.70000076293945;50.44367980957031
2019-07-16;365.989990234375;50.47600173950195;50.269142150878906
2019-07-17;362.44000244140625;50.97200012207031;49.9864616394043
2019-07-18;325.2099914550781;50.70800018310547;50.554290771484375
2019-07-19;315.1000061035156;51.63600158691406;49.79964065551758
2019-07-22;310.6199951171875;51.13600158691406;50.9377555847168
2019-07-23;307.29998779296875;52.034000396728516;51.335975646972656
2019-07-24;317.94000244140625;52.97600173950195;51.294189453125
2019-07-25;326.4599914550781;45.763999938964844;50.88859939575195
2019-07-26;335.7799987792969;45.608001708984375;51.06558609008789
2019-07-29;332.70001220703125;47.15399932861328;51.54246139526367
2019-07-30;325.92999267578125;48.45199966430664;51.321231842041016
2019-07-31;322.989990234375;48.321998596191406;52.3683967590332
2019-08-01;319.5;46.77000045776367;51.235191345214844
2019-08-02;318.8299865722656;46.86800003051758;50.15115737915039
2019-08-05;307.6300048828125;45.66400146484375;47.52585220336914
2019-08-06;310.1000061035156;46.150001525878906;48.42552947998047
2019-08-07;304.2900085449219;46.683998107910156;48.92699432373047
2019-08-08;315.8999938964844;47.65999984741211;50.00612258911133
2019-08-09;308.92999267578125;47.00199890136719;49.594051361083984
2019-08-12;310.8299865722656;45.801998138427734;49.46820831298828
2019-08-13;312.2799987792969;47.0;51.563106536865234
2019-08-14;299.1099853515625;43.92399978637695;50.02832794189453
2019-08-15;295.760009765625;43.12799835205078;49.779109954833984
2019-08-16;302.79998779296875;43.987998962402344;50.953636169433594
2019-08-19;309.3800048828125;45.36600112915039;51.90362548828125
2019-08-20;298.989990234375;45.172000885009766;51.906089782714844
2019-08-21;297.80999755859375;44.16600036621094;52.46867752075195
2019-08-22;296.92999267578125;44.43000030517578;52.42426300048828
2019-08-23;291.44000244140625;42.279998779296875;50.00118637084961
2019-08-26;294.9800109863281;43.0;50.951171875
2019-08-27;291.0299987792969;42.816001892089844;50.376243591308594
2019-08-28;291.7699890136719;43.11800003051758;50.714290618896484
2019-08-29;296.7799987792969;44.34199905395508;51.572975158691406
2019-08-30;293.75;45.12200164794922;51.50635528564453
2019-09-03;289.2900085449219;45.00199890136719;50.75623321533203
2019-09-04;291.5199890136719;44.13600158691406;51.61738967895508
2019-09-05;293.25;45.91600036621094;52.62659454345703
2019-09-06;290.1700134277344;45.4900016784668;52.62165832519531
2019-09-09;294.3399963378906;46.358001708984375;52.84619903564453
2019-09-10;287.989990234375;47.108001708984375;53.4704704284668
2019-09-11;288.2699890136719;49.41999816894531;55.170570373535156
2019-09-12;288.8599853515625;49.17399978637695;55.04719543457031
2019-09-13;294.1499938964844;49.040000915527344;53.97630310058594
2019-09-16;294.2900085449219;48.5620002746582;54.26007080078125
2019-09-17;298.6000061035156;48.95800018310547;54.45746994018555
2019-09-18;291.55999755859375;48.698001861572266;54.96823501586914
2019-09-19;286.6000061035156;49.31999969482422;54.52162551879883
2019-09-20;270.75;48.124000549316406;53.72462463378906
2019-09-23;265.9200134277344;48.24599838256836;53.96890640258789
2019-09-24;254.58999633789062;44.641998291015625;53.712284088134766
2019-09-25;264.75;45.7400016784668;54.53889846801758
2019-09-26;263.30999755859375;48.512001037597656;54.25760269165039
2019-09-27;263.0799865722656;48.42599868774414;53.993587493896484
2019-09-30;267.6199951171875;48.17399978637695;55.264339447021484
2019-10-01;269.5799865722656;48.9379997253418;55.417320251464844
2019-10-02;268.0299987792969;48.625999450683594;54.02812576293945
2019-10-03;268.1499938964844;46.60599899291992;54.48707962036133
2019-10-04;272.7900085449219;46.2859992980957;56.01445388793945
2019-10-07;274.4599914550781;47.54399871826172;56.02679443359375
2019-10-08;270.7200012207031;48.0099983215332;55.37043762207031
2019-10-09;267.5299987792969;48.90599822998047;56.01939010620117
2019-10-10;280.4800109863281;48.948001861572266;56.774444580078125
2019-10-11;282.92999267578125;49.577999114990234;58.2845458984375
2019-10-14;285.5299987792969;51.391998291015625;58.200645446777344
2019-10-15;284.25;51.577999114990234;58.06494140625
2019-10-16;286.2799987792969;51.95000076293945;57.830528259277344
2019-10-17;293.3500061035156;52.39400100708008;58.0550651550293
2019-10-18;275.29998779296875;51.38999938964844;58.333900451660156
2019-10-21;278.04998779296875;50.70000076293945;59.34556198120117
2019-10-22;266.69000244140625;51.11600112915039;59.20985794067383
2019-10-23;271.2699890136719;50.93600082397461;60.0043830871582
2019-10-24;271.5;59.93600082397461;60.10308074951172
2019-10-25;276.82000732421875;65.6259994506836;60.84333419799805
2019-10-28;281.8599853515625;65.54199981689453;61.452796936035156
2019-10-29;281.2099914550781;63.24399948120117;60.03152847290039
2019-10-30;291.45001220703125;63.00199890136719;60.02412414550781
2019-10-31;287.4100036621094;62.98400115966797;61.38124084472656
2019-11-01;286.80999755859375;62.6619987487793;63.123294830322266
2019-11-04;292.8599853515625;63.49399948120117;63.53782653808594
2019-11-05;288.0299987792969;63.444000244140625;63.446533203125
2019-11-06;288.5899963378906;65.31600189208984;63.47367477416992
2019-11-07;289.57000732421875;67.10800170898438;64.20624542236328
2019-11-08;291.57000732421875;67.4280014038086;64.3819580078125
2019-11-11;294.17999267578125;69.01799774169922;64.89179229736328
2019-11-12;292.010009765625;69.98600006103516;64.83238220214844
2019-11-13;283.1099853515625;69.22200012207031;65.4535903930664
2019-11-14;289.6199951171875;69.87000274658203;65.00069427490234
2019-11-15;295.0299987792969;70.43399810791016;65.7728500366211
2019-11-18;302.57000732421875;69.99800109863281;66.1044921875
2019-11-19;302.6000061035156;71.90399932861328;65.90401458740234
2019-11-20;305.1600036621094;70.44400024414062;65.13680267333984
2019-11-21;311.69000244140625;70.96600341796875;64.84477233886719
2019-11-22;310.4800109863281;66.60800170898438;64.78783416748047
2019-11-25;315.54998779296875;67.26799774169922;65.92381286621094
2019-11-26;312.489990234375;65.78399658203125;65.4090347290039
2019-11-27;315.92999267578125;66.25800323486328;66.28763580322266
2019-11-29;314.6600036621094;65.98799896240234;66.1416015625
2019-12-02;309.989990234375;66.9739990234375;65.37686920166016
2019-12-03;306.1600036621094;67.23999786376953;64.21118927001953
2019-12-04;304.32000732421875;66.60600280761719;64.77793884277344
2019-12-05;302.8599853515625;66.0739974975586;65.7282943725586
2019-12-06;307.3500061035156;67.1780014038086;66.9979248046875
2019-12-09;302.5;67.90599822998047;66.05994415283203
2019-12-10;293.1199951171875;69.76799774169922;66.4460220336914
2019-12-11;298.92999267578125;70.54000091552734;67.01276397705078
2019-12-12;298.44000244140625;71.93599700927734;67.18354797363281
2019-12-13;298.5;71.6780014038086;68.09677124023438
2019-12-16;304.2099914550781;76.30000305175781;69.26245880126953
2019-12-17;315.4800109863281;75.7979965209961;69.39857482910156
2019-12-18;320.79998779296875;78.62999725341797;69.23274993896484
2019-12-19;332.2200012207031;80.80799865722656;69.30204772949219
2019-12-20;336.8999938964844;81.11799621582031;69.15850830078125
2019-12-23;333.1000061035156;83.84400177001953;70.28706359863281
2019-12-24;333.20001220703125;85.05000305175781;70.3538818359375
2019-12-26;332.6300048828125;86.18800354003906;71.7497329711914
2019-12-27;329.0899963378906;86.07599639892578;71.72248840332031
2019-12-30;323.30999755859375;82.94000244140625;72.14817810058594
2019-12-31;323.57000732421875;83.66600036621094;72.67533874511719
2020-01-02;329.80999755859375;86.052001953125;74.33351135253906
2020-01-03;325.8999938964844;88.60199737548828;73.61083984375
2020-01-06;335.8299865722656;90.30799865722656;74.19739532470703
2020-01-07;330.75;93.81199645996094;73.84844207763672
2020-01-08;339.260009765625;98.4280014038086;75.03638458251953
2020-01-09;335.6600036621094;96.26799774169922;76.63021850585938
2020-01-10;329.04998779296875;95.62999725341797;76.80345916748047
2020-01-13;338.9200134277344;104.97200012207031;78.44432067871094
2020-01-14;338.69000244140625;107.58399963378906;77.38506317138672
2020-01-15;339.07000732421875;103.69999694824219;77.05342864990234
2020-01-16;338.6199951171875;102.697998046875;78.01863098144531
2020-01-17;339.6700134277344;102.0999984741211;78.88236999511719
2020-01-21;338.1099853515625;109.44000244140625;78.3478012084961
2020-01-22;326.0;113.91200256347656;78.6274642944336
2020-01-23;349.6000061035156;114.44000244140625;79.00611877441406
2020-01-24;353.1600036621094;112.96399688720703;78.77843475341797
2020-01-27;342.8800048828125;111.60399627685547;76.46192932128906
2020-01-28;348.5199890136719;113.37999725341797;78.62499237060547
2020-01-29;343.1600036621094;116.197998046875;80.27079010009766
2020-01-30;347.739990234375;128.16200256347656;80.15447235107422
2020-01-31;345.0899963378906;130.11399841308594;76.60051727294922
2020-02-03;358.0;156.0;76.3901596069336
2020-02-04;369.010009765625;177.41200256347656;78.91207885742188
2020-02-05;369.6700134277344;146.94000244140625;79.55554962158203
2020-02-06;366.95001220703125;149.79200744628906;80.4861068725586
2020-02-07;366.7699890136719;149.61399841308594;79.39208984375
2020-02-10;371.07000732421875;154.25599670410156;79.7691650390625
2020-02-11;373.69000244140625;154.87600708007812;79.28788757324219
2020-02-12;380.010009765625;153.45799255371094;81.1707992553711
2020-02-13;381.3999938964844;160.8000030517578;80.5927734375
2020-02-14;380.3999938964844;160.00599670410156;80.61262512207031
2020-02-18;387.7799987792969;171.67999267578125;79.13656616210938
2020-02-19;386.19000244140625;183.48399353027344;80.28268432617188
2020-02-20;386.0;179.8820037841797;79.45906829833984
2020-02-21;380.07000732421875;180.1999969482422;77.66050720214844
2020-02-24;368.70001220703125;166.75799560546875;73.97160339355469
2020-02-25;360.0899963378906;159.98199462890625;71.46601867675781
2020-02-26;379.239990234375;155.75999450683594;72.59973907470703
2020-02-27;371.7099914550781;135.8000030517578;67.85401916503906
2020-02-28;369.0299987792969;133.59800720214844;67.8143310546875
2020-03-02;381.04998779296875;148.7239990234375;74.12789154052734
2020-03-03;368.7699890136719;149.1020050048828;71.77363586425781
2020-03-04;383.7900085449219;149.89999389648438;75.10282897949219
2020-03-05;372.7799987792969;144.9080047607422;72.6667251586914
2020-03-06;368.9700012207031;140.6959991455078;71.70170593261719
2020-03-09;346.489990234375;121.5999984741211;66.03065490722656
2020-03-10;364.1300048828125;129.0659942626953;70.78630065917969
2020-03-11;349.9200134277344;126.84600067138672;68.3278579711914
2020-03-12;315.25;112.11000061035156;61.58015823364258
2020-03-13;336.29998779296875;109.3239974975586;68.95796966552734
2020-03-16;298.8399963378906;89.01399993896484;60.08673095703125
2020-03-17;319.75;86.04000091552734;62.72875213623047
2020-03-18;315.4700012207031;72.24400329589844;61.19315719604492
2020-03-19;332.0299987792969;85.52799987792969;60.72429275512695
2020-03-20;332.8299865722656;85.50599670410156;56.869178771972656
2020-03-23;360.2699890136719;86.85800170898438;55.661041259765625
2020-03-24;357.32000732421875;101.0;61.24525833129883
2020-03-25;342.3900146484375;107.8499984741211;60.90787124633789
2020-03-26;362.989990234375;105.63200378417969;64.11302947998047
2020-03-27;357.1199951171875;102.87200164794922;61.45860290527344
2020-03-30;370.9599914550781;100.4260025024414;63.212501525878906
2020-03-31;375.5;104.80000305175781;63.08350372314453
2020-04-01;364.0799865722656;96.31199645996094;59.76424026489258
2020-04-02;370.0799865722656;90.89399719238281;60.76150131225586
2020-04-03;361.760009765625;96.00199890136719;59.888275146484375
2020-04-06;379.9599914550781;103.24800109863281;65.1127700805664
2020-04-07;372.2799987792969;109.08999633789062;64.35862731933594
2020-04-08;371.1199951171875;109.76799774169922;66.00585174560547
2020-04-09;370.7200012207031;114.5999984741211;66.4821548461914
2020-04-13;396.7200012207031;130.19000244140625;67.78704071044922
2020-04-14;413.54998779296875;141.97799682617188;71.21049499511719
2020-04-15;426.75;145.96600341796875;70.56053924560547
2020-04-16;439.1700134277344;149.04200744628906;71.12120056152344
2020-04-17;422.9599914550781;150.7779998779297;70.15617370605469
2020-04-20;437.489990234375;149.27200317382812;68.6999740600586
2020-04-21;433.8299865722656;137.343994140625;66.57642364501953
2020-04-22;421.4200134277344;146.4219970703125;68.49406433105469
2020-04-23;426.70001220703125;141.12600708007812;68.22862243652344
2020-04-24;424.989990234375;145.02999877929688;70.19834899902344
2020-04-27;421.3800048828125;159.75;70.24797058105469
2020-04-28;403.8299865722656;153.82400512695312;69.10929870605469
2020-04-29;411.8900146484375;160.1020050048828;71.37919616699219
2020-04-30;419.8500061035156;156.37600708007812;72.88502502441406
2020-05-01;415.2699890136719;140.26400756835938;71.71163177490234
2020-05-04;428.1499938964844;152.23800659179688;72.72626495361328
2020-05-05;424.67999267578125;153.64199829101562;73.81780242919922
2020-05-06;434.260009765625;156.51600646972656;74.57939147949219
2020-05-07;436.5299987792969;156.00799560546875;75.35091400146484
2020-05-08;435.54998779296875;163.88400268554688;77.14439392089844
2020-05-11;440.5199890136719;162.25799560546875;78.35828399658203
2020-05-12;431.82000732421875;161.8820037841797;77.4627914428711
2020-05-13;438.2699890136719;158.19200134277344;76.52749633789062
2020-05-14;441.95001220703125;160.66600036621094;76.99763488769531
2020-05-15;454.19000244140625;159.83399963378906;76.54241180419922
2020-05-18;452.5799865722656;162.7259979248047;78.3458480834961
2020-05-19;451.0400085449219;161.6020050048828;77.89312744140625
2020-05-20;447.6700134277344;163.11199951171875;79.40800476074219
2020-05-21;436.25;165.52000427246094;78.81597900390625
2020-05-22;429.32000732421875;163.37600708007812;79.32343292236328
2020-05-26;414.7699890136719;163.7740020751953;78.7861328125
2020-05-27;419.8900146484375;164.04600524902344;79.12940216064453
2020-05-28;413.44000244140625;161.16200256347656;79.16423034667969
2020-05-29;419.7300109863281;167.0;79.08712005615234
2020-06-01;425.9200134277344;179.6199951171875;80.05972290039062
2020-06-02;427.30999755859375;176.31199645996094;80.43035125732422
2020-06-03;421.9700012207031;176.5919952392578;80.87313079833984
2020-06-04;414.3299865722656;172.87600708007812;80.1766357421875
2020-06-05;419.6000061035156;177.1320037841797;82.46015167236328
2020-06-08;419.489990234375;189.98399353027344;82.94768524169922
2020-06-09;434.04998779296875;188.13400268554688;85.56700897216797
2020-06-10;434.4800109863281;205.00999450683594;87.76844024658203
2020-06-11;425.55999755859375;194.5679931640625;83.55464172363281
2020-06-12;418.07000732421875;187.05599975585938;84.27600860595703
2020-06-15;425.5;198.17999267578125;85.3182601928711
2020-06-16;436.1300048828125;196.42599487304688;87.57939147949219
2020-06-17;447.7699890136719;198.35800170898438;87.45750427246094
2020-06-18;449.8699951171875;200.79200744628906;87.4923324584961
2020-06-19;453.7200012207031;200.17999267578125;86.99234771728516
2020-06-22;468.0400085449219;198.86399841308594;89.26839447021484
2020-06-23;466.260009765625;200.3560028076172;91.1738052368164
2020-06-24;457.8500061035156;192.1699981689453;89.56440734863281
2020-06-25;465.9100036621094;197.1959991455078;90.75342559814453
2020-06-26;443.3999938964844;191.947998046875;87.96495056152344
2020-06-29;447.239990234375;201.8699951171875;89.99225616455078
2020-06-30;455.0400085449219;215.96200561523438;90.74346923828125
2020-07-01;485.6400146484375;223.92599487304688;90.57183837890625
2020-07-02;476.8900146484375;241.73199462890625;90.57183837890625
2020-07-06;493.80999755859375;274.3160095214844;92.9946517944336
2020-07-07;493.1600036621094;277.97198486328125;92.70609283447266
2020-07-08;502.7799987792969;273.1759948730469;94.865234375
2020-07-09;507.760009765625;278.8559875488281;95.273193359375
2020-07-10;548.72998046875;308.92999267578125;95.4398422241211
2020-07-13;525.5;299.4119873046875;94.99955749511719
2020-07-14;524.8800048828125;303.3599853515625;96.5716552734375
2020-07-15;523.260009765625;309.2019958496094;97.23580932617188
2020-07-16;527.3900146484375;300.12799072265625;96.0393295288086
2020-07-17;492.989990234375;300.1679992675781;95.84529876708984
2020-07-20;502.4100036621094;328.6000061035156;97.86514282226562
2020-07-21;490.1000061035156;313.6719970703125;96.51444244384766
2020-07-22;489.82000732421875;318.46600341796875;96.78556823730469
2020-07-23;477.5799865722656;302.614013671875;92.38023376464844
2020-07-24;480.45001220703125;283.3999938964844;92.15138244628906
2020-07-27;495.6499938964844;307.9200134277344;94.33539581298828
2020-07-28;488.510009765625;295.2980041503906;92.78570556640625
2020-07-29;484.4800109863281;299.8219909667969;94.56424713134766
2020-07-30;485.79998779296875;297.49798583984375;95.70849609375
2020-07-31;488.8800048828125;286.1520080566406;105.72808837890625
2020-08-03;498.6199951171875;297.0;108.39218139648438
2020-08-04;509.6400146484375;297.3999938964844;109.11604309082031
2020-08-05;502.1099853515625;297.0039978027344;109.51155090332031
2020-08-06;509.0799865722656;297.9159851074219;113.33232879638672
2020-08-07;494.7300109863281;290.5419921875;110.7556381225586
2020-08-10;483.3800048828125;283.7139892578125;112.36544799804688
2020-08-11;466.92999267578125;274.87799072265625;109.0237045288086
2020-08-12;475.4700012207031;310.9519958496094;112.64704132080078
2020-08-13;481.3299865722656;324.20001220703125;114.64060974121094
2020-08-14;482.67999267578125;330.1419982910156;114.53844451904297
2020-08-17;482.3500061035156;367.12799072265625;114.2394027709961
2020-08-18;491.8699951171875;377.4179992675781;115.19133758544922
2020-08-19;484.5299987792969;375.70599365234375;115.33586883544922
2020-08-20;497.8999938964844;400.3659973144531;117.89512634277344
2020-08-21;492.30999755859375;409.9960021972656;123.97055053710938
2020-08-24;488.80999755859375;402.8399963378906;125.4532699584961
2020-08-25;490.5799865722656;404.6679992675781;124.42408752441406
2020-08-26;547.530029296875;430.6340026855469;126.11613464355469
2020-08-27;526.27001953125;447.75;124.6084976196289
2020-08-28;523.8900146484375;442.67999267578125;124.40664672851562
2020-08-31;529.5599975585938;498.32000732421875;128.62554931640625
2020-09-01;556.5499877929688;475.04998779296875;133.74903869628906
2020-09-02;552.8400268554688;447.3699951171875;130.97796630859375
2020-09-03;525.75;407.0;120.49175262451172
2020-09-04;516.0499877929688;418.32000732421875;120.57150268554688
2020-09-08;507.0199890136719;330.2099914550781;112.45764923095703
2020-09-09;500.19000244140625;366.2799987792969;116.94319152832031
2020-09-10;480.6700134277344;371.3399963378906;113.12549591064453
2020-09-11;482.0299987792969;372.7200012207031;111.6402816772461
2020-09-14;476.260009765625;419.6199951171875;114.98948669433594
2020-09-15;495.989990234375;449.760009765625;115.16891479492188
2020-09-16;483.8599853515625;441.760009765625;111.76985931396484
2020-09-17;470.20001220703125;423.42999267578125;109.98561096191406
2020-09-18;469.9599914550781;442.1499938964844;106.4968490600586
2020-09-21;487.3500061035156;449.3900146484375;109.72644805908203
2020-09-22;491.1700134277344;424.2300109863281;111.45088195800781
2020-09-23;470.6099853515625;380.3599853515625;106.77596282958984
2020-09-24;473.0799865722656;387.7900085449219;107.87242126464844
2020-09-25;482.8800048828125;407.3399963378906;111.91937255859375
2020-09-28;490.6499938964844;421.20001220703125;114.59076690673828
2020-09-29;493.4800109863281;419.07000732421875;113.72356414794922
2020-09-30;500.0299987792969;429.010009765625;115.43804168701172
2020-10-01;527.510009765625;448.1600036621094;116.4148941040039
2020-10-02;503.05999755859375;415.0899963378906;112.6570053100586
2020-10-05;520.6500244140625;425.67999267578125;116.12582397460938
2020-10-06;505.8699951171875;413.9800109863281;112.79655456542969
2020-10-07;534.6599731445312;425.29998779296875;114.71038818359375
2020-10-08;531.7899780273438;425.9200134277344;114.60073852539062
2020-10-09;539.4400024414062;434.0;116.59431457519531
2020-10-12;539.8099975585938;442.29998779296875;124.00045776367188
2020-10-13;554.0900268554688;446.6499938964844;120.71104431152344
2020-10-14;541.4500122070312;461.29998779296875;120.80076599121094
2020-10-15;541.9400024414062;448.8800048828125;120.32230377197266
2020-10-16;530.7899780273438;439.6700134277344;118.63772583007812
2020-10-19;530.719970703125;430.8299865722656;115.60749816894531
2020-10-20;525.4199829101562;421.94000244140625;117.1325912475586
2020-10-21;489.04998779296875;422.6400146484375;116.49464416503906
2020-10-22;485.2300109863281;425.7900085449219;115.37823486328125
2020-10-23;488.2799987792969;420.6300048828125;114.67051696777344
2020-10-26;488.239990234375;420.2799987792969;114.68048858642578
2020-10-27;488.92999267578125;424.67999267578125;116.22550964355469
2020-10-28;486.239990234375;406.0199890136719;110.84284973144531
2020-10-29;504.2099914550781;410.8299865722656;114.94961547851562
2020-10-30;475.739990234375;388.0400085449219;108.51036071777344
2020-11-02;484.1199951171875;400.510009765625;108.420654296875
2020-11-03;487.2200012207031;423.8999938964844;110.08528900146484
2020-11-04;496.95001220703125;420.9800109863281;114.58080291748047
2020-11-05;513.760009765625;438.0899963378906;118.64769744873047
2020-11-06;514.72998046875;429.95001220703125;118.51290893554688
2020-11-09;470.5;421.260009765625;116.14643859863281
2020-11-10;480.239990234375;410.3599853515625;115.79696655273438
2020-11-11;490.760009765625;417.1300048828125;119.31170654296875
2020-11-12;486.7699890136719;411.760009765625;119.0321273803711
2020-11-13;482.8399963378906;408.5;119.0820541381836
2020-11-16;479.1000061035156;408.0899963378906;120.1205062866211
2020-11-17;480.6300048828125;441.6099853515625;119.21186065673828
2020-11-18;481.7900085449219;486.6400146484375;117.85388946533203
2020-11-19;484.6700134277344;499.2699890136719;118.46298217773438
2020-11-20;488.239990234375;489.6099853515625;117.1649169921875
2020-11-23;476.6199951171875;521.8499755859375;113.68012237548828
2020-11-24;482.8800048828125;555.3800048828125;114.99815368652344
2020-11-25;485.0;574.0;115.85687255859375
2020-11-27;491.3599853515625;585.760009765625;116.41603088378906
2020-11-30;490.70001220703125;567.5999755859375;118.87236785888672
2020-12-01;504.5799865722656;584.760009765625;122.53689575195312
2020-12-02;503.3800048828125;568.8200073242188;122.89635467529297
2020-12-03;497.5199890136719;593.3800048828125;122.7565689086914
2020-12-04;498.30999755859375;599.0399780273438;122.06759643554688
2020-12-07;515.780029296875;641.760009765625;123.56535339355469
2020-12-08;512.6599731445312;649.8800048828125;124.19441223144531
2020-12-09;493.6000061035156;604.47998046875;121.5982894897461
2020-12-10;501.0899963378906;627.0700073242188;123.05611419677734
2020-12-11;503.2200012207031;609.989990234375;122.22735595703125
2020-12-14;522.4199829101562;639.8300170898438;121.5982894897461
2020-12-15;519.780029296875;633.25;127.6891860961914
2020-12-16;524.8300170898438;622.77001953125;127.61929321289062
2020-12-17;532.9000244140625;655.9000244140625;128.50796508789062
2020-12-18;534.4500122070312;695.0;126.47101593017578
2020-12-21;528.9099731445312;649.8599853515625;128.03866577148438
2020-12-22;527.3300170898438;640.3400268554688;131.6832275390625
2020-12-23;514.47998046875;645.97998046875;130.7646026611328
2020-12-24;513.969970703125;661.77001953125;131.77308654785156
2020-12-28;519.1199951171875;663.6900024414062;136.48605346679688
2020-12-29;530.8699951171875;665.989990234375;134.66876220703125
2020-12-30;524.5900268554688;694.780029296875;133.52047729492188
2020-12-31;540.72998046875;705.6699829101562;132.4920196533203
2021-01-04;522.8599853515625;729.77001953125;129.2169189453125
2021-01-05;520.7999877929688;735.1099853515625;130.81451416015625
2021-01-06;500.489990234375;755.97998046875;126.41110229492188
2021-01-07;508.8900146484375;816.0399780273438;130.7246551513672
2021-01-08;510.3999938964844;880.02001953125;131.85296630859375
2021-01-11;499.1000061035156;811.1900024414062;128.7875518798828
2021-01-12;494.25;849.4400024414062;128.60781860351562
2021-01-13;507.7900085449219;854.4099731445312;130.6947021484375
2021-01-14;500.8599853515625;845.0;128.71766662597656
2021-01-15;497.9800109863281;826.1599731445312;126.9502944946289
2021-01-19;501.7699890136719;844.5499877929688;127.63926696777344
2021-01-20;586.3400268554688;850.4500122070312;131.83299255371094
2021-01-21;579.8400268554688;844.989990234375;136.665771484375
2021-01-22;565.1699829101562;846.6400146484375;138.8625030517578
2021-01-25;556.780029296875;880.7999877929688;142.70675659179688
2021-01-26;561.9299926757812;883.0900268554688;142.94639587402344
2021-01-27;523.280029296875;864.1599731445312;141.84803771972656
2021-01-28;538.5999755859375;835.4299926757812;136.8854522705078
2021-01-29;532.3900146484375;793.530029296875;131.7631072998047
2021-02-01;539.0399780273438;839.8099975585938;133.93984985351562
2021-02-02;548.1599731445312;872.7899780273438;134.78858947753906
2021-02-03;539.4500122070312;854.6900024414062;133.7401580810547
2021-02-04;552.1599731445312;849.989990234375;137.18499755859375
2021-02-05;550.7899780273438;852.22998046875;136.75999450683594
2021-02-08;547.9199829101562;863.4199829101562;136.91000366210938
2021-02-09;559.0700073242188;849.4600219726562;136.00999450683594
2021-02-10;563.5900268554688;804.8200073242188;135.38999938964844
2021-02-11;557.5900268554688;811.6599731445312;135.1300048828125
2021-02-12;556.52001953125;816.1199951171875;135.3699951171875
2021-02-16;557.280029296875;796.219970703125;133.19000244140625
2021-02-17;551.3400268554688;798.1500244140625;130.83999633789062
2021-02-18;548.219970703125;787.3800048828125;129.7100067138672
2021-02-19;540.219970703125;781.2999877929688;129.8699951171875
2021-02-22;533.780029296875;714.5;126.0
2021-02-23;546.1500244140625;698.8400268554688;125.86000061035156
2021-02-24;553.4099731445312;742.02001953125;125.3499984741211
2021-02-25;546.7000122070312;682.219970703125;120.98999786376953
2021-02-26;538.8499755859375;675.5;121.26000213623047
2021-03-01;550.6400146484375;718.4299926757812;127.79000091552734
2021-03-02;547.8200073242188;686.4400024414062;125.12000274658203
2021-03-03;520.7000122070312;653.2000122070312;122.05999755859375
2021-03-04;511.2900085449219;621.4400024414062;120.12999725341797
2021-03-05;516.3900146484375;597.9500122070312;121.41999816894531
2021-03-08;493.3299865722656;563.0;116.36000061035156
2021-03-09;506.44000244140625;673.5800170898438;121.08999633789062
2021-03-10;504.5400085449219;668.0599975585938;119.9800033569336
2021-03-11;523.0599975585938;699.5999755859375;121.95999908447266
2021-03-12;518.02001953125;693.72998046875;121.02999877929688
2021-03-15;520.25;707.9400024414062;123.98999786376953
2021-03-16;524.030029296875;676.8800048828125;125.56999969482422
2021-03-17;524.4400024414062;701.8099975585938;124.76000213623047
2021-03-18;504.7900085449219;653.1599731445312;120.52999877929688
2021-03-19;512.1799926757812;654.8699951171875;119.98999786376953
2021-03-22;523.1099853515625;670.0;123.38999938964844
2021-03-23;535.0900268554688;662.1599731445312;122.54000091552734
2021-03-24;520.8099975585938;630.27001953125;120.08999633789062
2021-03-25;502.8599853515625;640.3900146484375;120.58999633789062
2021-03-26;508.04998779296875;618.7100219726562;121.20999908447266
2021-03-29;513.9500122070312;611.2899780273438;121.38999938964844
2021-03-30;513.3900146484375;635.6199951171875;119.9000015258789
2021-03-31;521.6599731445312;667.9299926757812;122.1500015258789
2021-04-01;539.4199829101562;661.75;123.0
